/*
Navicat MySQL Data Transfer

Source Server         : 192.168.2.99
Source Server Version : 50718
Source Host           : 192.168.2.99:3306
Source Database       : ac

Target Server Type    : MYSQL
Target Server Version : 50718
File Encoding         : 65001

Date: 2018-12-29 14:27:59
*/

SET FOREIGN_KEY_CHECKS=0;

-- ----------------------------
-- Table structure for sp_article
-- ----------------------------
DROP TABLE IF EXISTS `sp_article`;
CREATE TABLE `sp_article` (
  `article_id` char(32) NOT NULL COMMENT '文章ID',
  `whole_makeup_id` char(32) NOT NULL COMMENT '整装ID',
  `link_text` varchar(128) DEFAULT NULL COMMENT '外链文字',
  `link_url` varchar(256) DEFAULT NULL COMMENT '链接地址',
  `article_title` varchar(256) DEFAULT NULL COMMENT '文章 标题',
  `create_time` timestamp NOT NULL DEFAULT CURRENT_TIMESTAMP COMMENT '创建时间',
  PRIMARY KEY (`article_id`)
) ENGINE=InnoDB DEFAULT CHARSET=utf8mb4 COMMENT='文章';

-- ----------------------------
-- Records of sp_article
-- ----------------------------
INSERT INTO `sp_article` VALUES ('2F5DA9EAE8214759BC8C7B9C55E2AEDB', '123456789', 'dafdfadfad', 'adsfdfa', '文章标题', '2018-12-28 16:15:16');

-- ----------------------------
-- Table structure for sp_article_content
-- ----------------------------
DROP TABLE IF EXISTS `sp_article_content`;
CREATE TABLE `sp_article_content` (
  `sac_id` char(32) NOT NULL COMMENT '文章ID',
  `article_id` char(32) DEFAULT NULL COMMENT '文章 标题',
  `content_type` char(1) DEFAULT NULL COMMENT '文章内容类型【1：正文 2：图片  3：高级跑马灯 】',
  `article_content` varchar(1024) DEFAULT NULL COMMENT '文章内容',
  `sort` int(11) DEFAULT NULL COMMENT '排序',
  PRIMARY KEY (`sac_id`)
) ENGINE=InnoDB DEFAULT CHARSET=utf8mb4 COMMENT='文章内容表';

-- ----------------------------
-- Records of sp_article_content
-- ----------------------------
INSERT INTO `sp_article_content` VALUES ('67808651D08941CCB5440CB249CF6160', '2F5DA9EAE8214759BC8C7B9C55E2AEDB', '2', null, '0');
INSERT INTO `sp_article_content` VALUES ('D104B97446D34CAA85C43A4782BA0002', '2F5DA9EAE8214759BC8C7B9C55E2AEDB', '1', '三十三', '1');

-- ----------------------------
-- Table structure for sp_brand
-- ----------------------------
DROP TABLE IF EXISTS `sp_brand`;
CREATE TABLE `sp_brand` (
  `brand_id` char(32) NOT NULL COMMENT '品牌商ID',
  `brand_name` varchar(64) DEFAULT NULL COMMENT '品牌商名',
  `create_time` timestamp NOT NULL DEFAULT CURRENT_TIMESTAMP COMMENT '创建时间',
  PRIMARY KEY (`brand_id`)
) ENGINE=InnoDB DEFAULT CHARSET=utf8mb4 COMMENT='品牌商';

-- ----------------------------
-- Records of sp_brand
-- ----------------------------
INSERT INTO `sp_brand` VALUES ('841E1AD520174805839FE7B104C634A3', '发噶发的噶多发', '2018-12-27 18:23:20');
INSERT INTO `sp_brand` VALUES ('A4BBA354D70C4C51966CF75054DF8797', '嘚嘚', '2018-12-27 14:52:57');
INSERT INTO `sp_brand` VALUES ('EFC8C3A8604346C8A018D6C8F62E6400', '法国', '2018-12-27 18:23:09');
INSERT INTO `sp_brand` VALUES ('FF919B5EC060408BB9DEE5EB99494232', '啦啦', '2018-12-27 14:51:19');

-- ----------------------------
-- Table structure for sp_face_match
-- ----------------------------
DROP TABLE IF EXISTS `sp_face_match`;
CREATE TABLE `sp_face_match` (
  `face_match_id` char(32) NOT NULL COMMENT '五官分析匹配ID',
  `whole_makeup_id` char(32) DEFAULT NULL COMMENT '整装ID',
  `feature_id` char(32) DEFAULT NULL COMMENT '器官特征ID',
  `match_score` int(11) DEFAULT NULL COMMENT '评分【单位/星】',
  PRIMARY KEY (`face_match_id`)
) ENGINE=InnoDB DEFAULT CHARSET=utf8mb4 COMMENT='五官分析匹配';

-- ----------------------------
-- Records of sp_face_match
-- ----------------------------
INSERT INTO `sp_face_match` VALUES ('150625770B0D11E99BB8448A5B968AB0', '1E4A21F8001B11E99BB8448A5B968AB0', '1E4A21F8001B11E99BB8448A5B968AB0', '35');
INSERT INTO `sp_face_match` VALUES ('DA98F61D0B0F11E99BB8448A5B968AB0', '1E4A21F8001B11E99BB8448A5B968AB0', '1E4A21F8001B11E99BB8448A5B968AB0', '10000');

-- ----------------------------
-- Table structure for sp_feature_type
-- ----------------------------
DROP TABLE IF EXISTS `sp_feature_type`;
CREATE TABLE `sp_feature_type` (
  `feature_type_id` char(32) NOT NULL COMMENT '特征类型ID',
  `organ_id` char(32) DEFAULT NULL COMMENT '器官ID',
  `feature_type_name` varchar(32) DEFAULT NULL COMMENT '特征类型名称',
  `priority_lvl` int(11) DEFAULT NULL COMMENT '优先级',
  `create_time` timestamp NOT NULL DEFAULT CURRENT_TIMESTAMP COMMENT '创建时间',
  PRIMARY KEY (`feature_type_id`)
) ENGINE=InnoDB DEFAULT CHARSET=utf8mb4 COMMENT='特征类型';

-- ----------------------------
-- Records of sp_feature_type
-- ----------------------------
INSERT INTO `sp_feature_type` VALUES ('232FA6F9001911E99BB8448A5B968AB0', '5D864FA8FF8311E89BB8448A5B968AB0', '眼皮', '0', '2018-12-15 11:25:57');
INSERT INTO `sp_feature_type` VALUES ('32D043F208DC11E99BB8448A5B968AB0', '59540410FF8311E89BB8448A5B968AB0', '鼻梁4', null, '2018-12-26 15:02:24');
INSERT INTO `sp_feature_type` VALUES ('638A26FE001911E99BB8448A5B968AB0', '5D864FA8FF8311E89BB8448A5B968AB0', '瞳距瞳距', '0', '2018-12-15 11:27:45');
INSERT INTO `sp_feature_type` VALUES ('735C817308DB11E99BB8448A5B968AB0', '59540410FF8311E89BB8448A5B968AB0', '鼻梁2', null, '2018-12-26 14:57:03');
INSERT INTO `sp_feature_type` VALUES ('7CEC8615043511E99BB8448A5B968AB0', '621DB482FF8311E89BB8448A5B968AB0', '耳垂', '0', '2018-12-20 16:59:23');
INSERT INTO `sp_feature_type` VALUES ('9B8FAC8D01F311E99BB8448A5B968AB0', '59540410FF8311E89BB8448A5B968AB0', '鼻梁1', '0', '2018-12-17 20:02:21');
INSERT INTO `sp_feature_type` VALUES ('E5F84F2208DB11E99BB8448A5B968AB0', '59540410FF8311E89BB8448A5B968AB0', '鼻梁3', null, '2018-12-26 15:00:16');

-- ----------------------------
-- Table structure for sp_kol
-- ----------------------------
DROP TABLE IF EXISTS `sp_kol`;
CREATE TABLE `sp_kol` (
  `kol_id` char(32) NOT NULL COMMENT 'KOLID',
  `kol_name` varchar(64) DEFAULT NULL COMMENT 'KOL名称',
  `create_time` timestamp NOT NULL DEFAULT CURRENT_TIMESTAMP COMMENT '创建时间',
  PRIMARY KEY (`kol_id`)
) ENGINE=InnoDB DEFAULT CHARSET=utf8mb4 COMMENT='KOL';

-- ----------------------------
-- Records of sp_kol
-- ----------------------------
INSERT INTO `sp_kol` VALUES ('656D37F9A61F4A78B9F8C1CC57CC5B6B', '大幅度发', '2018-12-29 12:13:21');
INSERT INTO `sp_kol` VALUES ('DF5927625D0B4F24A81BA00C03B0376D', '地方', '2018-12-27 18:41:35');

-- ----------------------------
-- Table structure for sp_organ
-- ----------------------------
DROP TABLE IF EXISTS `sp_organ`;
CREATE TABLE `sp_organ` (
  `organ_id` char(32) NOT NULL COMMENT '器官ID',
  `organ_name` varchar(32) DEFAULT NULL COMMENT '器官名称',
  `organ_desc` varchar(128) DEFAULT NULL COMMENT '描述',
  `create_time` timestamp NOT NULL DEFAULT CURRENT_TIMESTAMP COMMENT '创建时间',
  PRIMARY KEY (`organ_id`)
) ENGINE=InnoDB DEFAULT CHARSET=utf8mb4 COMMENT='器官类型';

-- ----------------------------
-- Records of sp_organ
-- ----------------------------
INSERT INTO `sp_organ` VALUES ('59540410FF8311E89BB8448A5B968AB0', '鼻子', null, '2018-12-14 17:33:43');
INSERT INTO `sp_organ` VALUES ('5D864FA8FF8311E89BB8448A5B968AB0', '眼睛', null, '2018-12-14 17:33:50');
INSERT INTO `sp_organ` VALUES ('621DB482FF8311E89BB8448A5B968AB0', '耳朵', null, '2018-12-14 17:33:58');
INSERT INTO `sp_organ` VALUES ('7DF33C2A081211E99BB8448A5B968AB0', '啦啦', null, '2018-12-25 14:58:32');
INSERT INTO `sp_organ` VALUES ('8D8ADEF5082E11E99BB8448A5B968AB0', '哇哇', null, '2018-12-25 18:19:24');
INSERT INTO `sp_organ` VALUES ('CCF6FDA9081111E99BB8448A5B968AB0', '哈哈', '', '2018-12-25 14:53:35');
INSERT INTO `sp_organ` VALUES ('D18532D5082E11E99BB8448A5B968AB0', '得的', null, '2018-12-25 18:21:18');

-- ----------------------------
-- Table structure for sp_organ_define
-- ----------------------------
DROP TABLE IF EXISTS `sp_organ_define`;
CREATE TABLE `sp_organ_define` (
  `organ_define_id` char(32) NOT NULL COMMENT '重新定义器官名ID',
  `organ_id` char(32) DEFAULT NULL COMMENT '器官ID',
  `literary_name` varchar(64) DEFAULT NULL COMMENT '器官文艺名',
  `organ_slogan` varchar(128) DEFAULT NULL COMMENT '器官Slogan',
  `organ_remark` varchar(128) DEFAULT NULL COMMENT '器官总结语',
  `create_time` timestamp NOT NULL DEFAULT CURRENT_TIMESTAMP COMMENT '创建时间',
  PRIMARY KEY (`organ_define_id`)
) ENGINE=InnoDB DEFAULT CHARSET=utf8mb4 COMMENT='重新定义器官名';

-- ----------------------------
-- Records of sp_organ_define
-- ----------------------------
INSERT INTO `sp_organ_define` VALUES ('071FC23283B0434E9C594D3B0B6DED67', '5D864FA8FF8311E89BB8448A5B968AB0', '希腊众神之眼3', '谁的目光点燃了这个世界？', '真可谓℃的眼睛啊！', '2018-12-15 16:24:19');
INSERT INTO `sp_organ_define` VALUES ('0CA38A2A2B1546698F0F7C67AEF811CF', '5D864FA8FF8311E89BB8448A5B968AB0', '希腊众神之眼', '谁的目光点燃了这个世界？', '真可谓牛逼的眼睛啊！', '2018-12-15 16:08:46');
INSERT INTO `sp_organ_define` VALUES ('13E121C1E7FB40CB8F801A6021920185', '621DB482FF8311E89BB8448A5B968AB0', '猪八戒耳朵', '猪八戒耳朵2', '猪八戒耳朵1', '2018-12-20 17:01:52');
INSERT INTO `sp_organ_define` VALUES ('A071A96E140E4F499847C4C2F714AA8B', '5D864FA8FF8311E89BB8448A5B968AB0', '俊俏眉222', '眉的诱惑！222', '人人都爱的俊俏眉222', '2018-12-19 14:30:47');
INSERT INTO `sp_organ_define` VALUES ('C6C224795FD54D58979CFF0A6EFDAF2D', '5D864FA8FF8311E89BB8448A5B968AB0', '天眼', '无所遁形', '查所有', '2018-12-15 16:09:13');
INSERT INTO `sp_organ_define` VALUES ('C90CFD14A1DA4200A8349EF574D00BEB', '5D864FA8FF8311E89BB8448A5B968AB0', '俊俏眉', '眉的诱惑！', '人人都爱的俊俏眉', '2018-12-19 14:13:15');

-- ----------------------------
-- Table structure for sp_organ_define_array
-- ----------------------------
DROP TABLE IF EXISTS `sp_organ_define_array`;
CREATE TABLE `sp_organ_define_array` (
  `soda_id` char(32) NOT NULL COMMENT '排列组合详情ID',
  `organ_define_id` char(32) NOT NULL COMMENT '重新定义器官名ID',
  `feature_type_id` char(32) NOT NULL COMMENT '特征类型ID',
  `feature_id` char(32) NOT NULL COMMENT '器官特征值ID',
  PRIMARY KEY (`soda_id`)
) ENGINE=InnoDB DEFAULT CHARSET=utf8mb4 COMMENT='重新定义器官名排列组合详情';

-- ----------------------------
-- Records of sp_organ_define_array
-- ----------------------------
INSERT INTO `sp_organ_define_array` VALUES ('2BED59F5035511E99BB8448A5B968AB0', 'C90CFD14A1DA4200A8349EF574D00BEB', '9B8FAC8D01F311E99BB8448A5B968AB0', 'A931889901F111E99BB8448A5B968AB0');
INSERT INTO `sp_organ_define_array` VALUES ('2BED9B18035511E99BB8448A5B968AB0', 'C90CFD14A1DA4200A8349EF574D00BEB', '432C5F2F001911E99BB8448A5B968AB0', '32FB189201F211E99BB8448A5B968AB0');
INSERT INTO `sp_organ_define_array` VALUES ('9EFE0FBF035711E99BB8448A5B968AB0', 'A071A96E140E4F499847C4C2F714AA8B', '9B8FAC8D01F311E99BB8448A5B968AB1', 'A931889901F111E99BB8448A5B968AB2');
INSERT INTO `sp_organ_define_array` VALUES ('9EFE605A035711E99BB8448A5B968AB0', 'A071A96E140E4F499847C4C2F714AA8B', '432C5F2F001911E99BB8448A5B968AB1', '32FB189201F211E99BB8448A5B968AB2');
INSERT INTO `sp_organ_define_array` VALUES ('E44D7259043511E99BB8448A5B968AB0', '13E121C1E7FB40CB8F801A6021920185', '7CEC8615043511E99BB8448A5B968AB0', 'AE4C417A043511E99BB8448A5B968AB0');

-- ----------------------------
-- Table structure for sp_organ_feature
-- ----------------------------
DROP TABLE IF EXISTS `sp_organ_feature`;
CREATE TABLE `sp_organ_feature` (
  `feature_id` char(32) NOT NULL COMMENT '器官特征ID',
  `feature_type_id` char(32) DEFAULT NULL COMMENT '特征类型ID',
  `feature_code` varchar(32) DEFAULT NULL COMMENT '器官特征编码【label_id】',
  `feature_name` varchar(32) DEFAULT NULL COMMENT '器官特征名称',
  `feature_desc` varchar(64) DEFAULT NULL COMMENT '器官特征描述',
  `feature_script` varchar(128) DEFAULT NULL COMMENT '器官特征文案',
  `create_time` timestamp NOT NULL DEFAULT CURRENT_TIMESTAMP COMMENT '创建时间',
  PRIMARY KEY (`feature_id`)
) ENGINE=InnoDB DEFAULT CHARSET=utf8mb4 COMMENT='器官特征值';

-- ----------------------------
-- Records of sp_organ_feature
-- ----------------------------
INSERT INTO `sp_organ_feature` VALUES ('1E4A21F8001B11E99BB8448A5B968AB0', '232FA6F9001911E99BB8448A5B968AB0', 'one', '单眼皮2', '单眼皮的美', '这世界目前只有单眼皮和双眼皮！', '2018-12-15 11:40:08');
INSERT INTO `sp_organ_feature` VALUES ('32FB189201F211E99BB8448A5B968AB0', '432C5F2F001911E99BB8448A5B968AB0', 'Eyebrow', '黑厚的眉毛', '黑厚的眉毛', '嘿吼', '2018-12-17 19:52:16');
INSERT INTO `sp_organ_feature` VALUES ('3C4F89AD001B11E99BB8448A5B968AB0', '232FA6F9001911E99BB8448A5B968AB0', 'two', '双眼皮', '双眼皮的美', '这世界目前只有单眼皮和双眼皮！', '2018-12-15 11:40:58');
INSERT INTO `sp_organ_feature` VALUES ('4526FD1C01F211E99BB8448A5B968AB0', '432C5F2F001911E99BB8448A5B968AB0', 'Eyebrow', '弯弯的眉毛', '弯弯的眉毛', '柳叶眉', '2018-12-17 19:52:46');
INSERT INTO `sp_organ_feature` VALUES ('474CD8D0001B11E99BB8448A5B968AB0', '232FA6F9001911E99BB8448A5B968AB0', 'TWO', '双双眼皮', '双双眼皮的美', '', '2018-12-15 11:41:17');
INSERT INTO `sp_organ_feature` VALUES ('495AA80B08DA11E99BB8448A5B968AB0', '', null, '大鼻梁', null, null, '2018-12-26 14:48:43');
INSERT INTO `sp_organ_feature` VALUES ('708EA6E608DC11E99BB8448A5B968AB0', '32D043F208DC11E99BB8448A5B968AB0', null, '大鼻梁', null, null, '2018-12-26 15:04:08');
INSERT INTO `sp_organ_feature` VALUES ('87B766A808DA11E99BB8448A5B968AB0', '', null, '单眼皮1', null, null, '2018-12-26 14:50:28');
INSERT INTO `sp_organ_feature` VALUES ('A37EC56B08DA11E99BB8448A5B968AB0', null, null, '单眼皮4', null, null, '2018-12-26 14:51:15');
INSERT INTO `sp_organ_feature` VALUES ('A931889901F111E99BB8448A5B968AB0', '232FA6F9001911E99BB8448A5B968AB0', 'Nose', '高高的鼻子', '高高的鼻子', '独一无二的鼻子', '2018-12-17 19:48:24');
INSERT INTO `sp_organ_feature` VALUES ('AE4C417A043511E99BB8448A5B968AB0', '7CEC8615043511E99BB8448A5B968AB0', 'ear', '大耳垂', '大耳垂1', '大耳垂2', '2018-12-20 17:00:27');
INSERT INTO `sp_organ_feature` VALUES ('C34C08A601F111E99BB8448A5B968AB0', '232FA6F9001911E99BB8448A5B968AB0', 'Nose', '漂亮的鼻子', '漂亮的鼻子', '稀罕的鼻子', '2018-12-17 19:49:08');

-- ----------------------------
-- Table structure for sp_video_sub
-- ----------------------------
DROP TABLE IF EXISTS `sp_video_sub`;
CREATE TABLE `sp_video_sub` (
  `video_sub_id` char(32) NOT NULL COMMENT '视频分段ID',
  `file_id` char(32) DEFAULT NULL COMMENT '视频文件ID',
  `end_time` int(11) DEFAULT NULL COMMENT '结束时间点',
  `step_name` varchar(64) DEFAULT NULL COMMENT '步骤名',
  `zip_id` varchar(50) DEFAULT NULL COMMENT '试妆包ID',
  `sort` int(11) DEFAULT NULL COMMENT '排序',
  `create_time` timestamp NOT NULL DEFAULT CURRENT_TIMESTAMP COMMENT '创建时间',
  PRIMARY KEY (`video_sub_id`)
) ENGINE=InnoDB DEFAULT CHARSET=utf8mb4 COMMENT='视频分段信息';

-- ----------------------------
-- Records of sp_video_sub
-- ----------------------------
INSERT INTO `sp_video_sub` VALUES ('449F199D072E11E99BB8448A5B968AB0', '7B13D9D9C059437F9EE0C8B9672F76EE', '12', '美妆第一步', '', '1', '2018-12-24 11:44:51');
INSERT INTO `sp_video_sub` VALUES ('449F1D95072E11E99BB8448A5B968AB0', '7B13D9D9C059437F9EE0C8B9672F76EE', '20', '美妆第二步', '', '2', '2018-12-24 11:44:51');
INSERT INTO `sp_video_sub` VALUES ('449F1F3D072E11E99BB8448A5B968AB0', '7B13D9D9C059437F9EE0C8B9672F76EE', '70', '美妆第七步', '', '3', '2018-12-24 11:44:51');
INSERT INTO `sp_video_sub` VALUES ('449F207A072E11E99BB8448A5B968AB0', '7B13D9D9C059437F9EE0C8B9672F76EE', '80', '美妆第八步', '', '4', '2018-12-24 11:44:51');
INSERT INTO `sp_video_sub` VALUES ('7CCCC016075511E99BB8448A5B968AB0', 'CEAEB10C60F2402AA5534502FDD71FB8', '12', '第一步', '', '1', '2018-12-24 16:25:35');
INSERT INTO `sp_video_sub` VALUES ('7CCCC3ED075511E99BB8448A5B968AB0', 'CEAEB10C60F2402AA5534502FDD71FB8', '20', '第二步', '', '2', '2018-12-24 16:25:35');
INSERT INTO `sp_video_sub` VALUES ('7CCCC570075511E99BB8448A5B968AB0', 'CEAEB10C60F2402AA5534502FDD71FB8', '30', '第三步', '', '3', '2018-12-24 16:25:35');
INSERT INTO `sp_video_sub` VALUES ('7CD76656075511E99BB8448A5B968AB0', 'CEAEB10C60F2402AA5534502FDD71FB8', '35', '第四步', '', '4', '2018-12-24 16:25:35');

-- ----------------------------
-- Table structure for sp_whole_makeup
-- ----------------------------
DROP TABLE IF EXISTS `sp_whole_makeup`;
CREATE TABLE `sp_whole_makeup` (
  `whole_makeup_id` char(32) NOT NULL COMMENT '整装ID',
  `whole_makeup_name` varchar(64) DEFAULT NULL COMMENT '整装原名',
  `inle_name` varchar(64) DEFAULT NULL COMMENT '入口名',
  `brand_id` char(32) DEFAULT NULL COMMENT '品牌商ID',
  `kol_id` char(32) DEFAULT NULL COMMENT 'KOL',
  `cover_background` varchar(8) DEFAULT NULL COMMENT '封面底色',
  `cover_title` varchar(64) DEFAULT NULL COMMENT '封面标题',
  `cover_title_colour` varchar(8) DEFAULT NULL COMMENT '封面色号',
  `whole_makeup_status` char(1) DEFAULT '0' COMMENT '整装状态【0:下线 1:上线】',
  `create_time` timestamp NOT NULL DEFAULT CURRENT_TIMESTAMP COMMENT '创建时间',
  PRIMARY KEY (`whole_makeup_id`)
) ENGINE=InnoDB DEFAULT CHARSET=utf8mb4 COMMENT='整妆库';

-- ----------------------------
-- Records of sp_whole_makeup
-- ----------------------------
INSERT INTO `sp_whole_makeup` VALUES ('211F1A3A854243B18A9470AEA42BFFA8', '整装一', 'ZHENGZHUANG', 'EFC8C3A8604346C8A018D6C8F62E6400', '656D37F9A61F4A78B9F8C1CC57CC5B6B', 'FFFFF', '整装二', 'EEEE', '0', '2018-12-29 12:14:02');
INSERT INTO `sp_whole_makeup` VALUES ('6C1C17DDD7DA42EEA31B580E9D683BD4', '整装一', 'ZHENGZHUANG', 'EFC8C3A8604346C8A018D6C8F62E6400', 'DF5927625D0B4F24A81BA00C03B0376D', 'FFFFF', '整装一', 'EEEE', '0', '2018-12-29 12:10:29');
INSERT INTO `sp_whole_makeup` VALUES ('790880465113439785AD6DF8873D4CC3', '整装三', 'ZHENGZHUANG', 'EFC8C3A8604346C8A018D6C8F62E6400', '656D37F9A61F4A78B9F8C1CC57CC5B6B', 'FFFFF', '整装三', 'EEEE', '1', '2018-12-29 12:14:41');
INSERT INTO `sp_whole_makeup` VALUES ('CE7A4601FD3C4866A5E63EE01B5189A1', '整装五', 'ZHENGZHUANG', 'EFC8C3A8604346C8A018D6C8F62E6400', '656D37F9A61F4A78B9F8C1CC57CC5B6B', 'FFFFF', '整装五', 'EEEE', '1', '2018-12-29 13:46:29');

-- ----------------------------
-- Table structure for sys_city_info
-- ----------------------------
DROP TABLE IF EXISTS `sys_city_info`;
CREATE TABLE `sys_city_info` (
  `city_id` varchar(10) NOT NULL COMMENT '城市ID',
  `city_name` varchar(32) DEFAULT NULL COMMENT '城市名',
  `city_level` char(1) DEFAULT NULL COMMENT '城市级别',
  PRIMARY KEY (`city_id`)
) ENGINE=InnoDB DEFAULT CHARSET=utf8 COMMENT='省市区信息表';

-- ----------------------------
-- Records of sys_city_info
-- ----------------------------
INSERT INTO `sys_city_info` VALUES ('01', '北京市', '0');
INSERT INTO `sys_city_info` VALUES ('0101', '市辖区', '1');
INSERT INTO `sys_city_info` VALUES ('010101', '东城区', '2');
INSERT INTO `sys_city_info` VALUES ('010102', '西城区', '2');
INSERT INTO `sys_city_info` VALUES ('010103', '崇文区', '2');
INSERT INTO `sys_city_info` VALUES ('010104', '宣武区', '2');
INSERT INTO `sys_city_info` VALUES ('010105', '朝阳区', '2');
INSERT INTO `sys_city_info` VALUES ('010106', '丰台区', '2');
INSERT INTO `sys_city_info` VALUES ('010107', '石景山区', '2');
INSERT INTO `sys_city_info` VALUES ('010108', '海淀区', '2');
INSERT INTO `sys_city_info` VALUES ('010109', '门头沟区', '2');
INSERT INTO `sys_city_info` VALUES ('010110', '房山区', '2');
INSERT INTO `sys_city_info` VALUES ('010111', '通州区', '2');
INSERT INTO `sys_city_info` VALUES ('010112', '顺义区', '2');
INSERT INTO `sys_city_info` VALUES ('010113', '昌平区', '2');
INSERT INTO `sys_city_info` VALUES ('010114', '大兴区', '2');
INSERT INTO `sys_city_info` VALUES ('010115', '怀柔区', '2');
INSERT INTO `sys_city_info` VALUES ('010116', '平谷区', '2');
INSERT INTO `sys_city_info` VALUES ('010117', '密云县', '2');
INSERT INTO `sys_city_info` VALUES ('010118', '延庆县', '2');
INSERT INTO `sys_city_info` VALUES ('02', '天津市', '0');
INSERT INTO `sys_city_info` VALUES ('0201', '市辖区', '1');
INSERT INTO `sys_city_info` VALUES ('020101', '和平区', '2');
INSERT INTO `sys_city_info` VALUES ('020102', '河东区', '2');
INSERT INTO `sys_city_info` VALUES ('020103', '河西区', '2');
INSERT INTO `sys_city_info` VALUES ('020104', '南开区', '2');
INSERT INTO `sys_city_info` VALUES ('020105', '河北区', '2');
INSERT INTO `sys_city_info` VALUES ('020106', '红桥区', '2');
INSERT INTO `sys_city_info` VALUES ('020107', '塘沽区', '2');
INSERT INTO `sys_city_info` VALUES ('020108', '汉沽区', '2');
INSERT INTO `sys_city_info` VALUES ('020109', '大港区', '2');
INSERT INTO `sys_city_info` VALUES ('020110', '东丽区', '2');
INSERT INTO `sys_city_info` VALUES ('020111', '西青区', '2');
INSERT INTO `sys_city_info` VALUES ('020112', '津南区', '2');
INSERT INTO `sys_city_info` VALUES ('020113', '北辰区', '2');
INSERT INTO `sys_city_info` VALUES ('020114', '武清区', '2');
INSERT INTO `sys_city_info` VALUES ('020115', '宝坻区', '2');
INSERT INTO `sys_city_info` VALUES ('0202', '县', '1');
INSERT INTO `sys_city_info` VALUES ('020201', '宁河县', '2');
INSERT INTO `sys_city_info` VALUES ('020202', '静海县', '2');
INSERT INTO `sys_city_info` VALUES ('020203', '蓟　县', '2');
INSERT INTO `sys_city_info` VALUES ('03', '河北省', '0');
INSERT INTO `sys_city_info` VALUES ('0301', '石家庄市', '1');
INSERT INTO `sys_city_info` VALUES ('030101', '市辖区', '2');
INSERT INTO `sys_city_info` VALUES ('030102', '长安区', '2');
INSERT INTO `sys_city_info` VALUES ('030103', '桥东区', '2');
INSERT INTO `sys_city_info` VALUES ('030104', '桥西区', '2');
INSERT INTO `sys_city_info` VALUES ('030105', '新华区', '2');
INSERT INTO `sys_city_info` VALUES ('030106', '井陉矿区', '2');
INSERT INTO `sys_city_info` VALUES ('030107', '裕华区', '2');
INSERT INTO `sys_city_info` VALUES ('030108', '井陉县', '2');
INSERT INTO `sys_city_info` VALUES ('030109', '正定县', '2');
INSERT INTO `sys_city_info` VALUES ('030110', '栾城县', '2');
INSERT INTO `sys_city_info` VALUES ('030111', '行唐县', '2');
INSERT INTO `sys_city_info` VALUES ('030112', '灵寿县', '2');
INSERT INTO `sys_city_info` VALUES ('030113', '高邑县', '2');
INSERT INTO `sys_city_info` VALUES ('030114', '深泽县', '2');
INSERT INTO `sys_city_info` VALUES ('030115', '赞皇县', '2');
INSERT INTO `sys_city_info` VALUES ('030116', '无极县', '2');
INSERT INTO `sys_city_info` VALUES ('030117', '平山县', '2');
INSERT INTO `sys_city_info` VALUES ('030118', '元氏县', '2');
INSERT INTO `sys_city_info` VALUES ('030119', '赵　县', '2');
INSERT INTO `sys_city_info` VALUES ('030120', '辛集市', '2');
INSERT INTO `sys_city_info` VALUES ('030121', '藁城市', '2');
INSERT INTO `sys_city_info` VALUES ('030122', '晋州市', '2');
INSERT INTO `sys_city_info` VALUES ('030123', '新乐市', '2');
INSERT INTO `sys_city_info` VALUES ('030124', '鹿泉市', '2');
INSERT INTO `sys_city_info` VALUES ('0302', '唐山市', '1');
INSERT INTO `sys_city_info` VALUES ('030201', '市辖区', '2');
INSERT INTO `sys_city_info` VALUES ('030202', '路南区', '2');
INSERT INTO `sys_city_info` VALUES ('030203', '路北区', '2');
INSERT INTO `sys_city_info` VALUES ('030204', '古冶区', '2');
INSERT INTO `sys_city_info` VALUES ('030205', '开平区', '2');
INSERT INTO `sys_city_info` VALUES ('030206', '丰南区', '2');
INSERT INTO `sys_city_info` VALUES ('030207', '丰润区', '2');
INSERT INTO `sys_city_info` VALUES ('030208', '滦　县', '2');
INSERT INTO `sys_city_info` VALUES ('030209', '滦南县', '2');
INSERT INTO `sys_city_info` VALUES ('030210', '乐亭县', '2');
INSERT INTO `sys_city_info` VALUES ('030211', '迁西县', '2');
INSERT INTO `sys_city_info` VALUES ('030212', '玉田县', '2');
INSERT INTO `sys_city_info` VALUES ('030213', '唐海县', '2');
INSERT INTO `sys_city_info` VALUES ('030214', '遵化市', '2');
INSERT INTO `sys_city_info` VALUES ('030215', '迁安市', '2');
INSERT INTO `sys_city_info` VALUES ('0303', '秦皇岛市', '1');
INSERT INTO `sys_city_info` VALUES ('030301', '市辖区', '2');
INSERT INTO `sys_city_info` VALUES ('030302', '海港区', '2');
INSERT INTO `sys_city_info` VALUES ('030303', '山海关区', '2');
INSERT INTO `sys_city_info` VALUES ('030304', '北戴河区', '2');
INSERT INTO `sys_city_info` VALUES ('030305', '青龙满族自治县', '2');
INSERT INTO `sys_city_info` VALUES ('030306', '昌黎县', '2');
INSERT INTO `sys_city_info` VALUES ('030307', '抚宁县', '2');
INSERT INTO `sys_city_info` VALUES ('030308', '卢龙县', '2');
INSERT INTO `sys_city_info` VALUES ('0304', '邯郸市', '1');
INSERT INTO `sys_city_info` VALUES ('030401', '市辖区', '2');
INSERT INTO `sys_city_info` VALUES ('030402', '邯山区', '2');
INSERT INTO `sys_city_info` VALUES ('030403', '丛台区', '2');
INSERT INTO `sys_city_info` VALUES ('030404', '复兴区', '2');
INSERT INTO `sys_city_info` VALUES ('030405', '峰峰矿区', '2');
INSERT INTO `sys_city_info` VALUES ('030406', '邯郸县', '2');
INSERT INTO `sys_city_info` VALUES ('030407', '临漳县', '2');
INSERT INTO `sys_city_info` VALUES ('030408', '成安县', '2');
INSERT INTO `sys_city_info` VALUES ('030409', '大名县', '2');
INSERT INTO `sys_city_info` VALUES ('030410', '涉　县', '2');
INSERT INTO `sys_city_info` VALUES ('030411', '磁　县', '2');
INSERT INTO `sys_city_info` VALUES ('030412', '肥乡县', '2');
INSERT INTO `sys_city_info` VALUES ('030413', '永年县', '2');
INSERT INTO `sys_city_info` VALUES ('030414', '邱　县', '2');
INSERT INTO `sys_city_info` VALUES ('030415', '鸡泽县', '2');
INSERT INTO `sys_city_info` VALUES ('030416', '广平县', '2');
INSERT INTO `sys_city_info` VALUES ('030417', '馆陶县', '2');
INSERT INTO `sys_city_info` VALUES ('030418', '魏　县', '2');
INSERT INTO `sys_city_info` VALUES ('030419', '曲周县', '2');
INSERT INTO `sys_city_info` VALUES ('030420', '武安市', '2');
INSERT INTO `sys_city_info` VALUES ('0305', '邢台市', '1');
INSERT INTO `sys_city_info` VALUES ('030501', '市辖区', '2');
INSERT INTO `sys_city_info` VALUES ('030502', '桥东区', '2');
INSERT INTO `sys_city_info` VALUES ('030503', '桥西区', '2');
INSERT INTO `sys_city_info` VALUES ('030504', '邢台县', '2');
INSERT INTO `sys_city_info` VALUES ('030505', '临城县', '2');
INSERT INTO `sys_city_info` VALUES ('030506', '内丘县', '2');
INSERT INTO `sys_city_info` VALUES ('030507', '柏乡县', '2');
INSERT INTO `sys_city_info` VALUES ('030508', '隆尧县', '2');
INSERT INTO `sys_city_info` VALUES ('030509', '任　县', '2');
INSERT INTO `sys_city_info` VALUES ('030510', '南和县', '2');
INSERT INTO `sys_city_info` VALUES ('030511', '宁晋县', '2');
INSERT INTO `sys_city_info` VALUES ('030512', '巨鹿县', '2');
INSERT INTO `sys_city_info` VALUES ('030513', '新河县', '2');
INSERT INTO `sys_city_info` VALUES ('030514', '广宗县', '2');
INSERT INTO `sys_city_info` VALUES ('030515', '平乡县', '2');
INSERT INTO `sys_city_info` VALUES ('030516', '威　县', '2');
INSERT INTO `sys_city_info` VALUES ('030517', '清河县', '2');
INSERT INTO `sys_city_info` VALUES ('030518', '临西县', '2');
INSERT INTO `sys_city_info` VALUES ('030519', '南宫市', '2');
INSERT INTO `sys_city_info` VALUES ('030520', '沙河市', '2');
INSERT INTO `sys_city_info` VALUES ('0306', '保定市', '1');
INSERT INTO `sys_city_info` VALUES ('030601', '市辖区', '2');
INSERT INTO `sys_city_info` VALUES ('030602', '新市区', '2');
INSERT INTO `sys_city_info` VALUES ('030603', '北市区', '2');
INSERT INTO `sys_city_info` VALUES ('030604', '南市区', '2');
INSERT INTO `sys_city_info` VALUES ('030605', '满城县', '2');
INSERT INTO `sys_city_info` VALUES ('030606', '清苑县', '2');
INSERT INTO `sys_city_info` VALUES ('030607', '涞水县', '2');
INSERT INTO `sys_city_info` VALUES ('030608', '阜平县', '2');
INSERT INTO `sys_city_info` VALUES ('030609', '徐水县', '2');
INSERT INTO `sys_city_info` VALUES ('030610', '定兴县', '2');
INSERT INTO `sys_city_info` VALUES ('030611', '唐　县', '2');
INSERT INTO `sys_city_info` VALUES ('030612', '高阳县', '2');
INSERT INTO `sys_city_info` VALUES ('030613', '容城县', '2');
INSERT INTO `sys_city_info` VALUES ('030614', '涞源县', '2');
INSERT INTO `sys_city_info` VALUES ('030615', '望都县', '2');
INSERT INTO `sys_city_info` VALUES ('030616', '安新县', '2');
INSERT INTO `sys_city_info` VALUES ('030617', '易　县', '2');
INSERT INTO `sys_city_info` VALUES ('030618', '曲阳县', '2');
INSERT INTO `sys_city_info` VALUES ('030619', '蠡　县', '2');
INSERT INTO `sys_city_info` VALUES ('030620', '顺平县', '2');
INSERT INTO `sys_city_info` VALUES ('030621', '博野县', '2');
INSERT INTO `sys_city_info` VALUES ('030622', '雄　县', '2');
INSERT INTO `sys_city_info` VALUES ('030623', '涿州市', '2');
INSERT INTO `sys_city_info` VALUES ('030624', '定州市', '2');
INSERT INTO `sys_city_info` VALUES ('030625', '安国市', '2');
INSERT INTO `sys_city_info` VALUES ('030626', '高碑店市', '2');
INSERT INTO `sys_city_info` VALUES ('0307', '张家口市', '1');
INSERT INTO `sys_city_info` VALUES ('030701', '市辖区', '2');
INSERT INTO `sys_city_info` VALUES ('030702', '桥东区', '2');
INSERT INTO `sys_city_info` VALUES ('030703', '桥西区', '2');
INSERT INTO `sys_city_info` VALUES ('030704', '宣化区', '2');
INSERT INTO `sys_city_info` VALUES ('030705', '下花园区', '2');
INSERT INTO `sys_city_info` VALUES ('030706', '宣化县', '2');
INSERT INTO `sys_city_info` VALUES ('030707', '张北县', '2');
INSERT INTO `sys_city_info` VALUES ('030708', '康保县', '2');
INSERT INTO `sys_city_info` VALUES ('030709', '沽源县', '2');
INSERT INTO `sys_city_info` VALUES ('030710', '尚义县', '2');
INSERT INTO `sys_city_info` VALUES ('030711', '蔚　县', '2');
INSERT INTO `sys_city_info` VALUES ('030712', '阳原县', '2');
INSERT INTO `sys_city_info` VALUES ('030713', '怀安县', '2');
INSERT INTO `sys_city_info` VALUES ('030714', '万全县', '2');
INSERT INTO `sys_city_info` VALUES ('030715', '怀来县', '2');
INSERT INTO `sys_city_info` VALUES ('030716', '涿鹿县', '2');
INSERT INTO `sys_city_info` VALUES ('030717', '赤城县', '2');
INSERT INTO `sys_city_info` VALUES ('030718', '崇礼县', '2');
INSERT INTO `sys_city_info` VALUES ('0308', '承德市', '1');
INSERT INTO `sys_city_info` VALUES ('030801', '市辖区', '2');
INSERT INTO `sys_city_info` VALUES ('030802', '双桥区', '2');
INSERT INTO `sys_city_info` VALUES ('030803', '双滦区', '2');
INSERT INTO `sys_city_info` VALUES ('030804', '鹰手营子矿区', '2');
INSERT INTO `sys_city_info` VALUES ('030805', '承德县', '2');
INSERT INTO `sys_city_info` VALUES ('030806', '兴隆县', '2');
INSERT INTO `sys_city_info` VALUES ('030807', '平泉县', '2');
INSERT INTO `sys_city_info` VALUES ('030808', '滦平县', '2');
INSERT INTO `sys_city_info` VALUES ('030809', '隆化县', '2');
INSERT INTO `sys_city_info` VALUES ('030810', '丰宁满族自治县', '2');
INSERT INTO `sys_city_info` VALUES ('030811', '宽城满族自治县', '2');
INSERT INTO `sys_city_info` VALUES ('030812', '围场满族蒙古族自治县', '2');
INSERT INTO `sys_city_info` VALUES ('0309', '沧州市', '1');
INSERT INTO `sys_city_info` VALUES ('030901', '市辖区', '2');
INSERT INTO `sys_city_info` VALUES ('030902', '新华区', '2');
INSERT INTO `sys_city_info` VALUES ('030903', '运河区', '2');
INSERT INTO `sys_city_info` VALUES ('030904', '沧　县', '2');
INSERT INTO `sys_city_info` VALUES ('030905', '青　县', '2');
INSERT INTO `sys_city_info` VALUES ('030906', '东光县', '2');
INSERT INTO `sys_city_info` VALUES ('030907', '海兴县', '2');
INSERT INTO `sys_city_info` VALUES ('030908', '盐山县', '2');
INSERT INTO `sys_city_info` VALUES ('030909', '肃宁县', '2');
INSERT INTO `sys_city_info` VALUES ('030910', '南皮县', '2');
INSERT INTO `sys_city_info` VALUES ('030911', '吴桥县', '2');
INSERT INTO `sys_city_info` VALUES ('030912', '献　县', '2');
INSERT INTO `sys_city_info` VALUES ('030913', '孟村回族自治县', '2');
INSERT INTO `sys_city_info` VALUES ('030914', '泊头市', '2');
INSERT INTO `sys_city_info` VALUES ('030915', '任丘市', '2');
INSERT INTO `sys_city_info` VALUES ('030916', '黄骅市', '2');
INSERT INTO `sys_city_info` VALUES ('030917', '河间市', '2');
INSERT INTO `sys_city_info` VALUES ('0310', '廊坊市', '1');
INSERT INTO `sys_city_info` VALUES ('031001', '市辖区', '2');
INSERT INTO `sys_city_info` VALUES ('031002', '安次区', '2');
INSERT INTO `sys_city_info` VALUES ('031003', '广阳区', '2');
INSERT INTO `sys_city_info` VALUES ('031004', '固安县', '2');
INSERT INTO `sys_city_info` VALUES ('031005', '永清县', '2');
INSERT INTO `sys_city_info` VALUES ('031006', '香河县', '2');
INSERT INTO `sys_city_info` VALUES ('031007', '大城县', '2');
INSERT INTO `sys_city_info` VALUES ('031008', '文安县', '2');
INSERT INTO `sys_city_info` VALUES ('031009', '大厂回族自治县', '2');
INSERT INTO `sys_city_info` VALUES ('031010', '霸州市', '2');
INSERT INTO `sys_city_info` VALUES ('031011', '三河市', '2');
INSERT INTO `sys_city_info` VALUES ('0311', '衡水市', '1');
INSERT INTO `sys_city_info` VALUES ('031101', '市辖区', '2');
INSERT INTO `sys_city_info` VALUES ('031102', '桃城区', '2');
INSERT INTO `sys_city_info` VALUES ('031103', '枣强县', '2');
INSERT INTO `sys_city_info` VALUES ('031104', '武邑县', '2');
INSERT INTO `sys_city_info` VALUES ('031105', '武强县', '2');
INSERT INTO `sys_city_info` VALUES ('031106', '饶阳县', '2');
INSERT INTO `sys_city_info` VALUES ('031107', '安平县', '2');
INSERT INTO `sys_city_info` VALUES ('031108', '故城县', '2');
INSERT INTO `sys_city_info` VALUES ('031109', '景　县', '2');
INSERT INTO `sys_city_info` VALUES ('031110', '阜城县', '2');
INSERT INTO `sys_city_info` VALUES ('031111', '冀州市', '2');
INSERT INTO `sys_city_info` VALUES ('031112', '深州市', '2');
INSERT INTO `sys_city_info` VALUES ('04', '山西省', '0');
INSERT INTO `sys_city_info` VALUES ('0401', '太原市', '1');
INSERT INTO `sys_city_info` VALUES ('040101', '市辖区', '2');
INSERT INTO `sys_city_info` VALUES ('040102', '小店区', '2');
INSERT INTO `sys_city_info` VALUES ('040103', '迎泽区', '2');
INSERT INTO `sys_city_info` VALUES ('040104', '杏花岭区', '2');
INSERT INTO `sys_city_info` VALUES ('040105', '尖草坪区', '2');
INSERT INTO `sys_city_info` VALUES ('040106', '万柏林区', '2');
INSERT INTO `sys_city_info` VALUES ('040107', '晋源区', '2');
INSERT INTO `sys_city_info` VALUES ('040108', '清徐县', '2');
INSERT INTO `sys_city_info` VALUES ('040109', '阳曲县', '2');
INSERT INTO `sys_city_info` VALUES ('040110', '娄烦县', '2');
INSERT INTO `sys_city_info` VALUES ('040111', '古交市', '2');
INSERT INTO `sys_city_info` VALUES ('0402', '大同市', '1');
INSERT INTO `sys_city_info` VALUES ('040201', '市辖区', '2');
INSERT INTO `sys_city_info` VALUES ('040202', '城　区', '2');
INSERT INTO `sys_city_info` VALUES ('040203', '矿　区', '2');
INSERT INTO `sys_city_info` VALUES ('040204', '南郊区', '2');
INSERT INTO `sys_city_info` VALUES ('040205', '新荣区', '2');
INSERT INTO `sys_city_info` VALUES ('040206', '阳高县', '2');
INSERT INTO `sys_city_info` VALUES ('040207', '天镇县', '2');
INSERT INTO `sys_city_info` VALUES ('040208', '广灵县', '2');
INSERT INTO `sys_city_info` VALUES ('040209', '灵丘县', '2');
INSERT INTO `sys_city_info` VALUES ('040210', '浑源县', '2');
INSERT INTO `sys_city_info` VALUES ('040211', '左云县', '2');
INSERT INTO `sys_city_info` VALUES ('040212', '大同县', '2');
INSERT INTO `sys_city_info` VALUES ('0403', '阳泉市', '1');
INSERT INTO `sys_city_info` VALUES ('040301', '市辖区', '2');
INSERT INTO `sys_city_info` VALUES ('040302', '城　区', '2');
INSERT INTO `sys_city_info` VALUES ('040303', '矿　区', '2');
INSERT INTO `sys_city_info` VALUES ('040304', '郊　区', '2');
INSERT INTO `sys_city_info` VALUES ('040305', '平定县', '2');
INSERT INTO `sys_city_info` VALUES ('040306', '盂　县', '2');
INSERT INTO `sys_city_info` VALUES ('0404', '长治市', '1');
INSERT INTO `sys_city_info` VALUES ('040401', '市辖区', '2');
INSERT INTO `sys_city_info` VALUES ('040402', '城　区', '2');
INSERT INTO `sys_city_info` VALUES ('040403', '郊　区', '2');
INSERT INTO `sys_city_info` VALUES ('040404', '长治县', '2');
INSERT INTO `sys_city_info` VALUES ('040405', '襄垣县', '2');
INSERT INTO `sys_city_info` VALUES ('040406', '屯留县', '2');
INSERT INTO `sys_city_info` VALUES ('040407', '平顺县', '2');
INSERT INTO `sys_city_info` VALUES ('040408', '黎城县', '2');
INSERT INTO `sys_city_info` VALUES ('040409', '壶关县', '2');
INSERT INTO `sys_city_info` VALUES ('040410', '长子县', '2');
INSERT INTO `sys_city_info` VALUES ('040411', '武乡县', '2');
INSERT INTO `sys_city_info` VALUES ('040412', '沁　县', '2');
INSERT INTO `sys_city_info` VALUES ('040413', '沁源县', '2');
INSERT INTO `sys_city_info` VALUES ('040414', '潞城市', '2');
INSERT INTO `sys_city_info` VALUES ('0405', '晋城市', '1');
INSERT INTO `sys_city_info` VALUES ('040501', '市辖区', '2');
INSERT INTO `sys_city_info` VALUES ('040502', '城　区', '2');
INSERT INTO `sys_city_info` VALUES ('040503', '沁水县', '2');
INSERT INTO `sys_city_info` VALUES ('040504', '阳城县', '2');
INSERT INTO `sys_city_info` VALUES ('040505', '陵川县', '2');
INSERT INTO `sys_city_info` VALUES ('040506', '泽州县', '2');
INSERT INTO `sys_city_info` VALUES ('040507', '高平市', '2');
INSERT INTO `sys_city_info` VALUES ('0406', '朔州市', '1');
INSERT INTO `sys_city_info` VALUES ('040601', '市辖区', '2');
INSERT INTO `sys_city_info` VALUES ('040602', '朔城区', '2');
INSERT INTO `sys_city_info` VALUES ('040603', '平鲁区', '2');
INSERT INTO `sys_city_info` VALUES ('040604', '山阴县', '2');
INSERT INTO `sys_city_info` VALUES ('040605', '应　县', '2');
INSERT INTO `sys_city_info` VALUES ('040606', '右玉县', '2');
INSERT INTO `sys_city_info` VALUES ('040607', '怀仁县', '2');
INSERT INTO `sys_city_info` VALUES ('0407', '晋中市', '1');
INSERT INTO `sys_city_info` VALUES ('040701', '市辖区', '2');
INSERT INTO `sys_city_info` VALUES ('040702', '榆次区', '2');
INSERT INTO `sys_city_info` VALUES ('040703', '榆社县', '2');
INSERT INTO `sys_city_info` VALUES ('040704', '左权县', '2');
INSERT INTO `sys_city_info` VALUES ('040705', '和顺县', '2');
INSERT INTO `sys_city_info` VALUES ('040706', '昔阳县', '2');
INSERT INTO `sys_city_info` VALUES ('040707', '寿阳县', '2');
INSERT INTO `sys_city_info` VALUES ('040708', '太谷县', '2');
INSERT INTO `sys_city_info` VALUES ('040709', '祁　县', '2');
INSERT INTO `sys_city_info` VALUES ('040710', '平遥县', '2');
INSERT INTO `sys_city_info` VALUES ('040711', '灵石县', '2');
INSERT INTO `sys_city_info` VALUES ('040712', '介休市', '2');
INSERT INTO `sys_city_info` VALUES ('0408', '运城市', '1');
INSERT INTO `sys_city_info` VALUES ('040801', '市辖区', '2');
INSERT INTO `sys_city_info` VALUES ('040802', '盐湖区', '2');
INSERT INTO `sys_city_info` VALUES ('040803', '临猗县', '2');
INSERT INTO `sys_city_info` VALUES ('040804', '万荣县', '2');
INSERT INTO `sys_city_info` VALUES ('040805', '闻喜县', '2');
INSERT INTO `sys_city_info` VALUES ('040806', '稷山县', '2');
INSERT INTO `sys_city_info` VALUES ('040807', '新绛县', '2');
INSERT INTO `sys_city_info` VALUES ('040808', '绛　县', '2');
INSERT INTO `sys_city_info` VALUES ('040809', '垣曲县', '2');
INSERT INTO `sys_city_info` VALUES ('040810', '夏　县', '2');
INSERT INTO `sys_city_info` VALUES ('040811', '平陆县', '2');
INSERT INTO `sys_city_info` VALUES ('040812', '芮城县', '2');
INSERT INTO `sys_city_info` VALUES ('040813', '永济市', '2');
INSERT INTO `sys_city_info` VALUES ('040814', '河津市', '2');
INSERT INTO `sys_city_info` VALUES ('0409', '忻州市', '1');
INSERT INTO `sys_city_info` VALUES ('040901', '市辖区', '2');
INSERT INTO `sys_city_info` VALUES ('040902', '忻府区', '2');
INSERT INTO `sys_city_info` VALUES ('040903', '定襄县', '2');
INSERT INTO `sys_city_info` VALUES ('040904', '五台县', '2');
INSERT INTO `sys_city_info` VALUES ('040905', '代　县', '2');
INSERT INTO `sys_city_info` VALUES ('040906', '繁峙县', '2');
INSERT INTO `sys_city_info` VALUES ('040907', '宁武县', '2');
INSERT INTO `sys_city_info` VALUES ('040908', '静乐县', '2');
INSERT INTO `sys_city_info` VALUES ('040909', '神池县', '2');
INSERT INTO `sys_city_info` VALUES ('040910', '五寨县', '2');
INSERT INTO `sys_city_info` VALUES ('040911', '岢岚县', '2');
INSERT INTO `sys_city_info` VALUES ('040912', '河曲县', '2');
INSERT INTO `sys_city_info` VALUES ('040913', '保德县', '2');
INSERT INTO `sys_city_info` VALUES ('040914', '偏关县', '2');
INSERT INTO `sys_city_info` VALUES ('040915', '原平市', '2');
INSERT INTO `sys_city_info` VALUES ('0410', '临汾市', '1');
INSERT INTO `sys_city_info` VALUES ('041001', '市辖区', '2');
INSERT INTO `sys_city_info` VALUES ('041002', '尧都区', '2');
INSERT INTO `sys_city_info` VALUES ('041003', '曲沃县', '2');
INSERT INTO `sys_city_info` VALUES ('041004', '翼城县', '2');
INSERT INTO `sys_city_info` VALUES ('041005', '襄汾县', '2');
INSERT INTO `sys_city_info` VALUES ('041006', '洪洞县', '2');
INSERT INTO `sys_city_info` VALUES ('041007', '古　县', '2');
INSERT INTO `sys_city_info` VALUES ('041008', '安泽县', '2');
INSERT INTO `sys_city_info` VALUES ('041009', '浮山县', '2');
INSERT INTO `sys_city_info` VALUES ('041010', '吉　县', '2');
INSERT INTO `sys_city_info` VALUES ('041011', '乡宁县', '2');
INSERT INTO `sys_city_info` VALUES ('041012', '大宁县', '2');
INSERT INTO `sys_city_info` VALUES ('041013', '隰　县', '2');
INSERT INTO `sys_city_info` VALUES ('041014', '永和县', '2');
INSERT INTO `sys_city_info` VALUES ('041015', '蒲　县', '2');
INSERT INTO `sys_city_info` VALUES ('041016', '汾西县', '2');
INSERT INTO `sys_city_info` VALUES ('041017', '侯马市', '2');
INSERT INTO `sys_city_info` VALUES ('041018', '霍州市', '2');
INSERT INTO `sys_city_info` VALUES ('0411', '吕梁市', '1');
INSERT INTO `sys_city_info` VALUES ('041101', '市辖区', '2');
INSERT INTO `sys_city_info` VALUES ('041102', '离石区', '2');
INSERT INTO `sys_city_info` VALUES ('041103', '文水县', '2');
INSERT INTO `sys_city_info` VALUES ('041104', '交城县', '2');
INSERT INTO `sys_city_info` VALUES ('041105', '兴　县', '2');
INSERT INTO `sys_city_info` VALUES ('041106', '临　县', '2');
INSERT INTO `sys_city_info` VALUES ('041107', '柳林县', '2');
INSERT INTO `sys_city_info` VALUES ('041108', '石楼县', '2');
INSERT INTO `sys_city_info` VALUES ('041109', '岚　县', '2');
INSERT INTO `sys_city_info` VALUES ('041110', '方山县', '2');
INSERT INTO `sys_city_info` VALUES ('041111', '中阳县', '2');
INSERT INTO `sys_city_info` VALUES ('041112', '交口县', '2');
INSERT INTO `sys_city_info` VALUES ('041113', '孝义市', '2');
INSERT INTO `sys_city_info` VALUES ('041114', '汾阳市', '2');
INSERT INTO `sys_city_info` VALUES ('05', '内蒙古自治区', '0');
INSERT INTO `sys_city_info` VALUES ('0501', '呼和浩特市', '1');
INSERT INTO `sys_city_info` VALUES ('050101', '市辖区', '2');
INSERT INTO `sys_city_info` VALUES ('050102', '新城区', '2');
INSERT INTO `sys_city_info` VALUES ('050103', '回民区', '2');
INSERT INTO `sys_city_info` VALUES ('050104', '玉泉区', '2');
INSERT INTO `sys_city_info` VALUES ('050105', '赛罕区', '2');
INSERT INTO `sys_city_info` VALUES ('050106', '土默特左旗', '2');
INSERT INTO `sys_city_info` VALUES ('050107', '托克托县', '2');
INSERT INTO `sys_city_info` VALUES ('050108', '和林格尔县', '2');
INSERT INTO `sys_city_info` VALUES ('050109', '清水河县', '2');
INSERT INTO `sys_city_info` VALUES ('050110', '武川县', '2');
INSERT INTO `sys_city_info` VALUES ('0502', '包头市', '1');
INSERT INTO `sys_city_info` VALUES ('050201', '市辖区', '2');
INSERT INTO `sys_city_info` VALUES ('050202', '东河区', '2');
INSERT INTO `sys_city_info` VALUES ('050203', '昆都仑区', '2');
INSERT INTO `sys_city_info` VALUES ('050204', '青山区', '2');
INSERT INTO `sys_city_info` VALUES ('050205', '石拐区', '2');
INSERT INTO `sys_city_info` VALUES ('050206', '白云矿区', '2');
INSERT INTO `sys_city_info` VALUES ('050207', '九原区', '2');
INSERT INTO `sys_city_info` VALUES ('050208', '土默特右旗', '2');
INSERT INTO `sys_city_info` VALUES ('050209', '固阳县', '2');
INSERT INTO `sys_city_info` VALUES ('050210', '达尔罕茂明安联合旗', '2');
INSERT INTO `sys_city_info` VALUES ('0503', '乌海市', '1');
INSERT INTO `sys_city_info` VALUES ('050301', '市辖区', '2');
INSERT INTO `sys_city_info` VALUES ('050302', '海勃湾区', '2');
INSERT INTO `sys_city_info` VALUES ('050303', '海南区', '2');
INSERT INTO `sys_city_info` VALUES ('050304', '乌达区', '2');
INSERT INTO `sys_city_info` VALUES ('0504', '赤峰市', '1');
INSERT INTO `sys_city_info` VALUES ('050401', '市辖区', '2');
INSERT INTO `sys_city_info` VALUES ('050402', '红山区', '2');
INSERT INTO `sys_city_info` VALUES ('050403', '元宝山区', '2');
INSERT INTO `sys_city_info` VALUES ('050404', '松山区', '2');
INSERT INTO `sys_city_info` VALUES ('050405', '阿鲁科尔沁旗', '2');
INSERT INTO `sys_city_info` VALUES ('050406', '巴林左旗', '2');
INSERT INTO `sys_city_info` VALUES ('050407', '巴林右旗', '2');
INSERT INTO `sys_city_info` VALUES ('050408', '林西县', '2');
INSERT INTO `sys_city_info` VALUES ('050409', '克什克腾旗', '2');
INSERT INTO `sys_city_info` VALUES ('050410', '翁牛特旗', '2');
INSERT INTO `sys_city_info` VALUES ('050411', '喀喇沁旗', '2');
INSERT INTO `sys_city_info` VALUES ('050412', '宁城县', '2');
INSERT INTO `sys_city_info` VALUES ('050413', '敖汉旗', '2');
INSERT INTO `sys_city_info` VALUES ('0505', '通辽市', '1');
INSERT INTO `sys_city_info` VALUES ('050501', '市辖区', '2');
INSERT INTO `sys_city_info` VALUES ('050502', '科尔沁区', '2');
INSERT INTO `sys_city_info` VALUES ('050503', '科尔沁左翼中旗', '2');
INSERT INTO `sys_city_info` VALUES ('050504', '科尔沁左翼后旗', '2');
INSERT INTO `sys_city_info` VALUES ('050505', '开鲁县', '2');
INSERT INTO `sys_city_info` VALUES ('050506', '库伦旗', '2');
INSERT INTO `sys_city_info` VALUES ('050507', '奈曼旗', '2');
INSERT INTO `sys_city_info` VALUES ('050508', '扎鲁特旗', '2');
INSERT INTO `sys_city_info` VALUES ('050509', '霍林郭勒市', '2');
INSERT INTO `sys_city_info` VALUES ('0506', '鄂尔多斯市', '1');
INSERT INTO `sys_city_info` VALUES ('050601', '东胜区', '2');
INSERT INTO `sys_city_info` VALUES ('050602', '达拉特旗', '2');
INSERT INTO `sys_city_info` VALUES ('050603', '准格尔旗', '2');
INSERT INTO `sys_city_info` VALUES ('050604', '鄂托克前旗', '2');
INSERT INTO `sys_city_info` VALUES ('050605', '鄂托克旗', '2');
INSERT INTO `sys_city_info` VALUES ('050606', '杭锦旗', '2');
INSERT INTO `sys_city_info` VALUES ('050607', '乌审旗', '2');
INSERT INTO `sys_city_info` VALUES ('050608', '伊金霍洛旗', '2');
INSERT INTO `sys_city_info` VALUES ('0507', '呼伦贝尔市', '1');
INSERT INTO `sys_city_info` VALUES ('050701', '市辖区', '2');
INSERT INTO `sys_city_info` VALUES ('050702', '海拉尔区', '2');
INSERT INTO `sys_city_info` VALUES ('050703', '阿荣旗', '2');
INSERT INTO `sys_city_info` VALUES ('050704', '莫力达瓦达斡尔族自治旗', '2');
INSERT INTO `sys_city_info` VALUES ('050705', '鄂伦春自治旗', '2');
INSERT INTO `sys_city_info` VALUES ('050706', '鄂温克族自治旗', '2');
INSERT INTO `sys_city_info` VALUES ('050707', '陈巴尔虎旗', '2');
INSERT INTO `sys_city_info` VALUES ('050708', '新巴尔虎左旗', '2');
INSERT INTO `sys_city_info` VALUES ('050709', '新巴尔虎右旗', '2');
INSERT INTO `sys_city_info` VALUES ('050710', '满洲里市', '2');
INSERT INTO `sys_city_info` VALUES ('050711', '牙克石市', '2');
INSERT INTO `sys_city_info` VALUES ('050712', '扎兰屯市', '2');
INSERT INTO `sys_city_info` VALUES ('050713', '额尔古纳市', '2');
INSERT INTO `sys_city_info` VALUES ('050714', '根河市', '2');
INSERT INTO `sys_city_info` VALUES ('0508', '巴彦淖尔市', '1');
INSERT INTO `sys_city_info` VALUES ('050801', '市辖区', '2');
INSERT INTO `sys_city_info` VALUES ('050802', '临河区', '2');
INSERT INTO `sys_city_info` VALUES ('050803', '五原县', '2');
INSERT INTO `sys_city_info` VALUES ('050804', '磴口县', '2');
INSERT INTO `sys_city_info` VALUES ('050805', '乌拉特前旗', '2');
INSERT INTO `sys_city_info` VALUES ('050806', '乌拉特中旗', '2');
INSERT INTO `sys_city_info` VALUES ('050807', '乌拉特后旗', '2');
INSERT INTO `sys_city_info` VALUES ('050808', '杭锦后旗', '2');
INSERT INTO `sys_city_info` VALUES ('0509', '乌兰察布市', '1');
INSERT INTO `sys_city_info` VALUES ('050901', '市辖区', '2');
INSERT INTO `sys_city_info` VALUES ('050902', '集宁区', '2');
INSERT INTO `sys_city_info` VALUES ('050903', '卓资县', '2');
INSERT INTO `sys_city_info` VALUES ('050904', '化德县', '2');
INSERT INTO `sys_city_info` VALUES ('050905', '商都县', '2');
INSERT INTO `sys_city_info` VALUES ('050906', '兴和县', '2');
INSERT INTO `sys_city_info` VALUES ('050907', '凉城县', '2');
INSERT INTO `sys_city_info` VALUES ('050908', '察哈尔右翼前旗', '2');
INSERT INTO `sys_city_info` VALUES ('050909', '察哈尔右翼中旗', '2');
INSERT INTO `sys_city_info` VALUES ('050910', '察哈尔右翼后旗', '2');
INSERT INTO `sys_city_info` VALUES ('050911', '四子王旗', '2');
INSERT INTO `sys_city_info` VALUES ('050912', '丰镇市', '2');
INSERT INTO `sys_city_info` VALUES ('0510', '兴安盟', '1');
INSERT INTO `sys_city_info` VALUES ('051001', '乌兰浩特市', '2');
INSERT INTO `sys_city_info` VALUES ('051002', '阿尔山市', '2');
INSERT INTO `sys_city_info` VALUES ('051003', '科尔沁右翼前旗', '2');
INSERT INTO `sys_city_info` VALUES ('051004', '科尔沁右翼中旗', '2');
INSERT INTO `sys_city_info` VALUES ('051005', '扎赉特旗', '2');
INSERT INTO `sys_city_info` VALUES ('051006', '突泉县', '2');
INSERT INTO `sys_city_info` VALUES ('0511', '锡林郭勒盟', '1');
INSERT INTO `sys_city_info` VALUES ('051101', '二连浩特市', '2');
INSERT INTO `sys_city_info` VALUES ('051102', '锡林浩特市', '2');
INSERT INTO `sys_city_info` VALUES ('051103', '阿巴嘎旗', '2');
INSERT INTO `sys_city_info` VALUES ('051104', '苏尼特左旗', '2');
INSERT INTO `sys_city_info` VALUES ('051105', '苏尼特右旗', '2');
INSERT INTO `sys_city_info` VALUES ('051106', '东乌珠穆沁旗', '2');
INSERT INTO `sys_city_info` VALUES ('051107', '西乌珠穆沁旗', '2');
INSERT INTO `sys_city_info` VALUES ('051108', '太仆寺旗', '2');
INSERT INTO `sys_city_info` VALUES ('051109', '镶黄旗', '2');
INSERT INTO `sys_city_info` VALUES ('051110', '正镶白旗', '2');
INSERT INTO `sys_city_info` VALUES ('051111', '正蓝旗', '2');
INSERT INTO `sys_city_info` VALUES ('051112', '多伦县', '2');
INSERT INTO `sys_city_info` VALUES ('0512', '阿拉善盟', '1');
INSERT INTO `sys_city_info` VALUES ('051201', '阿拉善左旗', '2');
INSERT INTO `sys_city_info` VALUES ('051202', '阿拉善右旗', '2');
INSERT INTO `sys_city_info` VALUES ('051203', '额济纳旗', '2');
INSERT INTO `sys_city_info` VALUES ('06', '辽宁省', '0');
INSERT INTO `sys_city_info` VALUES ('0601', '沈阳市', '1');
INSERT INTO `sys_city_info` VALUES ('060101', '市辖区', '2');
INSERT INTO `sys_city_info` VALUES ('060102', '和平区', '2');
INSERT INTO `sys_city_info` VALUES ('060103', '沈河区', '2');
INSERT INTO `sys_city_info` VALUES ('060104', '大东区', '2');
INSERT INTO `sys_city_info` VALUES ('060105', '皇姑区', '2');
INSERT INTO `sys_city_info` VALUES ('060106', '铁西区', '2');
INSERT INTO `sys_city_info` VALUES ('060107', '苏家屯区', '2');
INSERT INTO `sys_city_info` VALUES ('060108', '东陵区', '2');
INSERT INTO `sys_city_info` VALUES ('060109', '新城子区', '2');
INSERT INTO `sys_city_info` VALUES ('060110', '于洪区', '2');
INSERT INTO `sys_city_info` VALUES ('060111', '辽中县', '2');
INSERT INTO `sys_city_info` VALUES ('060112', '康平县', '2');
INSERT INTO `sys_city_info` VALUES ('060113', '法库县', '2');
INSERT INTO `sys_city_info` VALUES ('060114', '新民市', '2');
INSERT INTO `sys_city_info` VALUES ('0602', '大连市', '1');
INSERT INTO `sys_city_info` VALUES ('060201', '市辖区', '2');
INSERT INTO `sys_city_info` VALUES ('060202', '中山区', '2');
INSERT INTO `sys_city_info` VALUES ('060203', '西岗区', '2');
INSERT INTO `sys_city_info` VALUES ('060204', '沙河口区', '2');
INSERT INTO `sys_city_info` VALUES ('060205', '甘井子区', '2');
INSERT INTO `sys_city_info` VALUES ('060206', '旅顺口区', '2');
INSERT INTO `sys_city_info` VALUES ('060207', '金州区', '2');
INSERT INTO `sys_city_info` VALUES ('060208', '长海县', '2');
INSERT INTO `sys_city_info` VALUES ('060209', '瓦房店市', '2');
INSERT INTO `sys_city_info` VALUES ('060210', '普兰店市', '2');
INSERT INTO `sys_city_info` VALUES ('060211', '庄河市', '2');
INSERT INTO `sys_city_info` VALUES ('0603', '鞍山市', '1');
INSERT INTO `sys_city_info` VALUES ('060301', '市辖区', '2');
INSERT INTO `sys_city_info` VALUES ('060302', '铁东区', '2');
INSERT INTO `sys_city_info` VALUES ('060303', '铁西区', '2');
INSERT INTO `sys_city_info` VALUES ('060304', '立山区', '2');
INSERT INTO `sys_city_info` VALUES ('060305', '千山区', '2');
INSERT INTO `sys_city_info` VALUES ('060306', '台安县', '2');
INSERT INTO `sys_city_info` VALUES ('060307', '岫岩满族自治县', '2');
INSERT INTO `sys_city_info` VALUES ('060308', '海城市', '2');
INSERT INTO `sys_city_info` VALUES ('0604', '抚顺市', '1');
INSERT INTO `sys_city_info` VALUES ('060401', '市辖区', '2');
INSERT INTO `sys_city_info` VALUES ('060402', '新抚区', '2');
INSERT INTO `sys_city_info` VALUES ('060403', '东洲区', '2');
INSERT INTO `sys_city_info` VALUES ('060404', '望花区', '2');
INSERT INTO `sys_city_info` VALUES ('060405', '顺城区', '2');
INSERT INTO `sys_city_info` VALUES ('060406', '抚顺县', '2');
INSERT INTO `sys_city_info` VALUES ('060407', '新宾满族自治县', '2');
INSERT INTO `sys_city_info` VALUES ('060408', '清原满族自治县', '2');
INSERT INTO `sys_city_info` VALUES ('0605', '本溪市', '1');
INSERT INTO `sys_city_info` VALUES ('060501', '市辖区', '2');
INSERT INTO `sys_city_info` VALUES ('060502', '平山区', '2');
INSERT INTO `sys_city_info` VALUES ('060503', '溪湖区', '2');
INSERT INTO `sys_city_info` VALUES ('060504', '明山区', '2');
INSERT INTO `sys_city_info` VALUES ('060505', '南芬区', '2');
INSERT INTO `sys_city_info` VALUES ('060506', '本溪满族自治县', '2');
INSERT INTO `sys_city_info` VALUES ('060507', '桓仁满族自治县', '2');
INSERT INTO `sys_city_info` VALUES ('0606', '丹东市', '1');
INSERT INTO `sys_city_info` VALUES ('060601', '市辖区', '2');
INSERT INTO `sys_city_info` VALUES ('060602', '元宝区', '2');
INSERT INTO `sys_city_info` VALUES ('060603', '振兴区', '2');
INSERT INTO `sys_city_info` VALUES ('060604', '振安区', '2');
INSERT INTO `sys_city_info` VALUES ('060605', '宽甸满族自治县', '2');
INSERT INTO `sys_city_info` VALUES ('060606', '东港市', '2');
INSERT INTO `sys_city_info` VALUES ('060607', '凤城市', '2');
INSERT INTO `sys_city_info` VALUES ('0607', '锦州市', '1');
INSERT INTO `sys_city_info` VALUES ('060701', '市辖区', '2');
INSERT INTO `sys_city_info` VALUES ('060702', '古塔区', '2');
INSERT INTO `sys_city_info` VALUES ('060703', '凌河区', '2');
INSERT INTO `sys_city_info` VALUES ('060704', '太和区', '2');
INSERT INTO `sys_city_info` VALUES ('060705', '黑山县', '2');
INSERT INTO `sys_city_info` VALUES ('060706', '义　县', '2');
INSERT INTO `sys_city_info` VALUES ('060707', '凌海市', '2');
INSERT INTO `sys_city_info` VALUES ('060708', '北宁市', '2');
INSERT INTO `sys_city_info` VALUES ('0608', '营口市', '1');
INSERT INTO `sys_city_info` VALUES ('060801', '市辖区', '2');
INSERT INTO `sys_city_info` VALUES ('060802', '站前区', '2');
INSERT INTO `sys_city_info` VALUES ('060803', '西市区', '2');
INSERT INTO `sys_city_info` VALUES ('060804', '鲅鱼圈区', '2');
INSERT INTO `sys_city_info` VALUES ('060805', '老边区', '2');
INSERT INTO `sys_city_info` VALUES ('060806', '盖州市', '2');
INSERT INTO `sys_city_info` VALUES ('060807', '大石桥市', '2');
INSERT INTO `sys_city_info` VALUES ('0609', '阜新市', '1');
INSERT INTO `sys_city_info` VALUES ('060901', '市辖区', '2');
INSERT INTO `sys_city_info` VALUES ('060902', '海州区', '2');
INSERT INTO `sys_city_info` VALUES ('060903', '新邱区', '2');
INSERT INTO `sys_city_info` VALUES ('060904', '太平区', '2');
INSERT INTO `sys_city_info` VALUES ('060905', '清河门区', '2');
INSERT INTO `sys_city_info` VALUES ('060906', '细河区', '2');
INSERT INTO `sys_city_info` VALUES ('060907', '阜新蒙古族自治县', '2');
INSERT INTO `sys_city_info` VALUES ('060908', '彰武县', '2');
INSERT INTO `sys_city_info` VALUES ('0610', '辽阳市', '1');
INSERT INTO `sys_city_info` VALUES ('061001', '市辖区', '2');
INSERT INTO `sys_city_info` VALUES ('061002', '白塔区', '2');
INSERT INTO `sys_city_info` VALUES ('061003', '文圣区', '2');
INSERT INTO `sys_city_info` VALUES ('061004', '宏伟区', '2');
INSERT INTO `sys_city_info` VALUES ('061005', '弓长岭区', '2');
INSERT INTO `sys_city_info` VALUES ('061006', '太子河区', '2');
INSERT INTO `sys_city_info` VALUES ('061007', '辽阳县', '2');
INSERT INTO `sys_city_info` VALUES ('061008', '灯塔市', '2');
INSERT INTO `sys_city_info` VALUES ('0611', '盘锦市', '1');
INSERT INTO `sys_city_info` VALUES ('061101', '市辖区', '2');
INSERT INTO `sys_city_info` VALUES ('061102', '双台子区', '2');
INSERT INTO `sys_city_info` VALUES ('061103', '兴隆台区', '2');
INSERT INTO `sys_city_info` VALUES ('061104', '大洼县', '2');
INSERT INTO `sys_city_info` VALUES ('061105', '盘山县', '2');
INSERT INTO `sys_city_info` VALUES ('0612', '铁岭市', '1');
INSERT INTO `sys_city_info` VALUES ('061201', '市辖区', '2');
INSERT INTO `sys_city_info` VALUES ('061202', '银州区', '2');
INSERT INTO `sys_city_info` VALUES ('061203', '清河区', '2');
INSERT INTO `sys_city_info` VALUES ('061204', '铁岭县', '2');
INSERT INTO `sys_city_info` VALUES ('061205', '西丰县', '2');
INSERT INTO `sys_city_info` VALUES ('061206', '昌图县', '2');
INSERT INTO `sys_city_info` VALUES ('061207', '调兵山市', '2');
INSERT INTO `sys_city_info` VALUES ('061208', '开原市', '2');
INSERT INTO `sys_city_info` VALUES ('0613', '朝阳市', '1');
INSERT INTO `sys_city_info` VALUES ('061301', '市辖区', '2');
INSERT INTO `sys_city_info` VALUES ('061302', '双塔区', '2');
INSERT INTO `sys_city_info` VALUES ('061303', '龙城区', '2');
INSERT INTO `sys_city_info` VALUES ('061304', '朝阳县', '2');
INSERT INTO `sys_city_info` VALUES ('061305', '建平县', '2');
INSERT INTO `sys_city_info` VALUES ('061306', '喀喇沁左翼蒙古族自治县', '2');
INSERT INTO `sys_city_info` VALUES ('061307', '北票市', '2');
INSERT INTO `sys_city_info` VALUES ('061308', '凌源市', '2');
INSERT INTO `sys_city_info` VALUES ('0614', '葫芦岛市', '1');
INSERT INTO `sys_city_info` VALUES ('061401', '市辖区', '2');
INSERT INTO `sys_city_info` VALUES ('061402', '连山区', '2');
INSERT INTO `sys_city_info` VALUES ('061403', '龙港区', '2');
INSERT INTO `sys_city_info` VALUES ('061404', '南票区', '2');
INSERT INTO `sys_city_info` VALUES ('061405', '绥中县', '2');
INSERT INTO `sys_city_info` VALUES ('061406', '建昌县', '2');
INSERT INTO `sys_city_info` VALUES ('061407', '兴城市', '2');
INSERT INTO `sys_city_info` VALUES ('07', '吉林省', '0');
INSERT INTO `sys_city_info` VALUES ('0701', '长春市', '1');
INSERT INTO `sys_city_info` VALUES ('070101', '市辖区', '2');
INSERT INTO `sys_city_info` VALUES ('070102', '南关区', '2');
INSERT INTO `sys_city_info` VALUES ('070103', '宽城区', '2');
INSERT INTO `sys_city_info` VALUES ('070104', '朝阳区', '2');
INSERT INTO `sys_city_info` VALUES ('070105', '二道区', '2');
INSERT INTO `sys_city_info` VALUES ('070106', '绿园区', '2');
INSERT INTO `sys_city_info` VALUES ('070107', '双阳区', '2');
INSERT INTO `sys_city_info` VALUES ('070108', '农安县', '2');
INSERT INTO `sys_city_info` VALUES ('070109', '九台市', '2');
INSERT INTO `sys_city_info` VALUES ('070110', '榆树市', '2');
INSERT INTO `sys_city_info` VALUES ('070111', '德惠市', '2');
INSERT INTO `sys_city_info` VALUES ('0702', '吉林市', '1');
INSERT INTO `sys_city_info` VALUES ('070201', '市辖区', '2');
INSERT INTO `sys_city_info` VALUES ('070202', '昌邑区', '2');
INSERT INTO `sys_city_info` VALUES ('070203', '龙潭区', '2');
INSERT INTO `sys_city_info` VALUES ('070204', '船营区', '2');
INSERT INTO `sys_city_info` VALUES ('070205', '丰满区', '2');
INSERT INTO `sys_city_info` VALUES ('070206', '永吉县', '2');
INSERT INTO `sys_city_info` VALUES ('070207', '蛟河市', '2');
INSERT INTO `sys_city_info` VALUES ('070208', '桦甸市', '2');
INSERT INTO `sys_city_info` VALUES ('070209', '舒兰市', '2');
INSERT INTO `sys_city_info` VALUES ('070210', '磐石市', '2');
INSERT INTO `sys_city_info` VALUES ('0703', '四平市', '1');
INSERT INTO `sys_city_info` VALUES ('070301', '市辖区', '2');
INSERT INTO `sys_city_info` VALUES ('070302', '铁西区', '2');
INSERT INTO `sys_city_info` VALUES ('070303', '铁东区', '2');
INSERT INTO `sys_city_info` VALUES ('070304', '梨树县', '2');
INSERT INTO `sys_city_info` VALUES ('070305', '伊通满族自治县', '2');
INSERT INTO `sys_city_info` VALUES ('070306', '公主岭市', '2');
INSERT INTO `sys_city_info` VALUES ('070307', '双辽市', '2');
INSERT INTO `sys_city_info` VALUES ('0704', '辽源市', '1');
INSERT INTO `sys_city_info` VALUES ('070401', '市辖区', '2');
INSERT INTO `sys_city_info` VALUES ('070402', '龙山区', '2');
INSERT INTO `sys_city_info` VALUES ('070403', '西安区', '2');
INSERT INTO `sys_city_info` VALUES ('070404', '东丰县', '2');
INSERT INTO `sys_city_info` VALUES ('070405', '东辽县', '2');
INSERT INTO `sys_city_info` VALUES ('0705', '通化市', '1');
INSERT INTO `sys_city_info` VALUES ('070501', '市辖区', '2');
INSERT INTO `sys_city_info` VALUES ('070502', '东昌区', '2');
INSERT INTO `sys_city_info` VALUES ('070503', '二道江区', '2');
INSERT INTO `sys_city_info` VALUES ('070504', '通化县', '2');
INSERT INTO `sys_city_info` VALUES ('070505', '辉南县', '2');
INSERT INTO `sys_city_info` VALUES ('070506', '柳河县', '2');
INSERT INTO `sys_city_info` VALUES ('070507', '梅河口市', '2');
INSERT INTO `sys_city_info` VALUES ('070508', '集安市', '2');
INSERT INTO `sys_city_info` VALUES ('0706', '白山市', '1');
INSERT INTO `sys_city_info` VALUES ('070601', '市辖区', '2');
INSERT INTO `sys_city_info` VALUES ('070602', '八道江区', '2');
INSERT INTO `sys_city_info` VALUES ('070603', '抚松县', '2');
INSERT INTO `sys_city_info` VALUES ('070604', '靖宇县', '2');
INSERT INTO `sys_city_info` VALUES ('070605', '长白朝鲜族自治县', '2');
INSERT INTO `sys_city_info` VALUES ('070606', '江源县', '2');
INSERT INTO `sys_city_info` VALUES ('070607', '临江市', '2');
INSERT INTO `sys_city_info` VALUES ('0707', '松原市', '1');
INSERT INTO `sys_city_info` VALUES ('070701', '市辖区', '2');
INSERT INTO `sys_city_info` VALUES ('070702', '宁江区', '2');
INSERT INTO `sys_city_info` VALUES ('070703', '前郭尔罗斯蒙古族自治县', '2');
INSERT INTO `sys_city_info` VALUES ('070704', '长岭县', '2');
INSERT INTO `sys_city_info` VALUES ('070705', '乾安县', '2');
INSERT INTO `sys_city_info` VALUES ('070706', '扶余县', '2');
INSERT INTO `sys_city_info` VALUES ('0708', '白城市', '1');
INSERT INTO `sys_city_info` VALUES ('070801', '市辖区', '2');
INSERT INTO `sys_city_info` VALUES ('070802', '洮北区', '2');
INSERT INTO `sys_city_info` VALUES ('070803', '镇赉县', '2');
INSERT INTO `sys_city_info` VALUES ('070804', '通榆县', '2');
INSERT INTO `sys_city_info` VALUES ('070805', '洮南市', '2');
INSERT INTO `sys_city_info` VALUES ('070806', '大安市', '2');
INSERT INTO `sys_city_info` VALUES ('0709', '延边朝鲜族自治州', '1');
INSERT INTO `sys_city_info` VALUES ('070901', '延吉市', '2');
INSERT INTO `sys_city_info` VALUES ('070902', '图们市', '2');
INSERT INTO `sys_city_info` VALUES ('070903', '敦化市', '2');
INSERT INTO `sys_city_info` VALUES ('070904', '珲春市', '2');
INSERT INTO `sys_city_info` VALUES ('070905', '龙井市', '2');
INSERT INTO `sys_city_info` VALUES ('070906', '和龙市', '2');
INSERT INTO `sys_city_info` VALUES ('070907', '汪清县', '2');
INSERT INTO `sys_city_info` VALUES ('070908', '安图县', '2');
INSERT INTO `sys_city_info` VALUES ('08', '黑龙江省', '0');
INSERT INTO `sys_city_info` VALUES ('0801', '哈尔滨市', '1');
INSERT INTO `sys_city_info` VALUES ('080101', '市辖区', '2');
INSERT INTO `sys_city_info` VALUES ('080102', '道里区', '2');
INSERT INTO `sys_city_info` VALUES ('080103', '南岗区', '2');
INSERT INTO `sys_city_info` VALUES ('080104', '道外区', '2');
INSERT INTO `sys_city_info` VALUES ('080105', '香坊区', '2');
INSERT INTO `sys_city_info` VALUES ('080106', '动力区', '2');
INSERT INTO `sys_city_info` VALUES ('080107', '平房区', '2');
INSERT INTO `sys_city_info` VALUES ('080108', '松北区', '2');
INSERT INTO `sys_city_info` VALUES ('080109', '呼兰区', '2');
INSERT INTO `sys_city_info` VALUES ('080110', '依兰县', '2');
INSERT INTO `sys_city_info` VALUES ('080111', '方正县', '2');
INSERT INTO `sys_city_info` VALUES ('080112', '宾　县', '2');
INSERT INTO `sys_city_info` VALUES ('080113', '巴彦县', '2');
INSERT INTO `sys_city_info` VALUES ('080114', '木兰县', '2');
INSERT INTO `sys_city_info` VALUES ('080115', '通河县', '2');
INSERT INTO `sys_city_info` VALUES ('080116', '延寿县', '2');
INSERT INTO `sys_city_info` VALUES ('080117', '阿城市', '2');
INSERT INTO `sys_city_info` VALUES ('080118', '双城市', '2');
INSERT INTO `sys_city_info` VALUES ('080119', '尚志市', '2');
INSERT INTO `sys_city_info` VALUES ('080120', '五常市', '2');
INSERT INTO `sys_city_info` VALUES ('0802', '齐齐哈尔市', '1');
INSERT INTO `sys_city_info` VALUES ('080201', '市辖区', '2');
INSERT INTO `sys_city_info` VALUES ('080202', '龙沙区', '2');
INSERT INTO `sys_city_info` VALUES ('080203', '建华区', '2');
INSERT INTO `sys_city_info` VALUES ('080204', '铁锋区', '2');
INSERT INTO `sys_city_info` VALUES ('080205', '昂昂溪区', '2');
INSERT INTO `sys_city_info` VALUES ('080206', '富拉尔基区', '2');
INSERT INTO `sys_city_info` VALUES ('080207', '碾子山区', '2');
INSERT INTO `sys_city_info` VALUES ('080208', '梅里斯达斡尔族区', '2');
INSERT INTO `sys_city_info` VALUES ('080209', '龙江县', '2');
INSERT INTO `sys_city_info` VALUES ('080210', '依安县', '2');
INSERT INTO `sys_city_info` VALUES ('080211', '泰来县', '2');
INSERT INTO `sys_city_info` VALUES ('080212', '甘南县', '2');
INSERT INTO `sys_city_info` VALUES ('080213', '富裕县', '2');
INSERT INTO `sys_city_info` VALUES ('080214', '克山县', '2');
INSERT INTO `sys_city_info` VALUES ('080215', '克东县', '2');
INSERT INTO `sys_city_info` VALUES ('080216', '拜泉县', '2');
INSERT INTO `sys_city_info` VALUES ('080217', '讷河市', '2');
INSERT INTO `sys_city_info` VALUES ('0803', '鸡西市', '1');
INSERT INTO `sys_city_info` VALUES ('080301', '市辖区', '2');
INSERT INTO `sys_city_info` VALUES ('080302', '鸡冠区', '2');
INSERT INTO `sys_city_info` VALUES ('080303', '恒山区', '2');
INSERT INTO `sys_city_info` VALUES ('080304', '滴道区', '2');
INSERT INTO `sys_city_info` VALUES ('080305', '梨树区', '2');
INSERT INTO `sys_city_info` VALUES ('080306', '城子河区', '2');
INSERT INTO `sys_city_info` VALUES ('080307', '麻山区', '2');
INSERT INTO `sys_city_info` VALUES ('080308', '鸡东县', '2');
INSERT INTO `sys_city_info` VALUES ('080309', '虎林市', '2');
INSERT INTO `sys_city_info` VALUES ('080310', '密山市', '2');
INSERT INTO `sys_city_info` VALUES ('0804', '鹤岗市', '1');
INSERT INTO `sys_city_info` VALUES ('080401', '市辖区', '2');
INSERT INTO `sys_city_info` VALUES ('080402', '向阳区', '2');
INSERT INTO `sys_city_info` VALUES ('080403', '工农区', '2');
INSERT INTO `sys_city_info` VALUES ('080404', '南山区', '2');
INSERT INTO `sys_city_info` VALUES ('080405', '兴安区', '2');
INSERT INTO `sys_city_info` VALUES ('080406', '东山区', '2');
INSERT INTO `sys_city_info` VALUES ('080407', '兴山区', '2');
INSERT INTO `sys_city_info` VALUES ('080408', '萝北县', '2');
INSERT INTO `sys_city_info` VALUES ('080409', '绥滨县', '2');
INSERT INTO `sys_city_info` VALUES ('0805', '双鸭山市', '1');
INSERT INTO `sys_city_info` VALUES ('080501', '市辖区', '2');
INSERT INTO `sys_city_info` VALUES ('080502', '尖山区', '2');
INSERT INTO `sys_city_info` VALUES ('080503', '岭东区', '2');
INSERT INTO `sys_city_info` VALUES ('080504', '四方台区', '2');
INSERT INTO `sys_city_info` VALUES ('080505', '宝山区', '2');
INSERT INTO `sys_city_info` VALUES ('080506', '集贤县', '2');
INSERT INTO `sys_city_info` VALUES ('080507', '友谊县', '2');
INSERT INTO `sys_city_info` VALUES ('080508', '宝清县', '2');
INSERT INTO `sys_city_info` VALUES ('080509', '饶河县', '2');
INSERT INTO `sys_city_info` VALUES ('0806', '大庆市', '1');
INSERT INTO `sys_city_info` VALUES ('080601', '市辖区', '2');
INSERT INTO `sys_city_info` VALUES ('080602', '萨尔图区', '2');
INSERT INTO `sys_city_info` VALUES ('080603', '龙凤区', '2');
INSERT INTO `sys_city_info` VALUES ('080604', '让胡路区', '2');
INSERT INTO `sys_city_info` VALUES ('080605', '红岗区', '2');
INSERT INTO `sys_city_info` VALUES ('080606', '大同区', '2');
INSERT INTO `sys_city_info` VALUES ('080607', '肇州县', '2');
INSERT INTO `sys_city_info` VALUES ('080608', '肇源县', '2');
INSERT INTO `sys_city_info` VALUES ('080609', '林甸县', '2');
INSERT INTO `sys_city_info` VALUES ('080610', '杜尔伯特蒙古族自治县', '2');
INSERT INTO `sys_city_info` VALUES ('0807', '伊春市', '1');
INSERT INTO `sys_city_info` VALUES ('080701', '市辖区', '2');
INSERT INTO `sys_city_info` VALUES ('080702', '伊春区', '2');
INSERT INTO `sys_city_info` VALUES ('080703', '南岔区', '2');
INSERT INTO `sys_city_info` VALUES ('080704', '友好区', '2');
INSERT INTO `sys_city_info` VALUES ('080705', '西林区', '2');
INSERT INTO `sys_city_info` VALUES ('080706', '翠峦区', '2');
INSERT INTO `sys_city_info` VALUES ('080707', '新青区', '2');
INSERT INTO `sys_city_info` VALUES ('080708', '美溪区', '2');
INSERT INTO `sys_city_info` VALUES ('080709', '金山屯区', '2');
INSERT INTO `sys_city_info` VALUES ('080710', '五营区', '2');
INSERT INTO `sys_city_info` VALUES ('080711', '乌马河区', '2');
INSERT INTO `sys_city_info` VALUES ('080712', '汤旺河区', '2');
INSERT INTO `sys_city_info` VALUES ('080713', '带岭区', '2');
INSERT INTO `sys_city_info` VALUES ('080714', '乌伊岭区', '2');
INSERT INTO `sys_city_info` VALUES ('080715', '红星区', '2');
INSERT INTO `sys_city_info` VALUES ('080716', '上甘岭区', '2');
INSERT INTO `sys_city_info` VALUES ('080717', '嘉荫县', '2');
INSERT INTO `sys_city_info` VALUES ('080718', '铁力市', '2');
INSERT INTO `sys_city_info` VALUES ('0808', '佳木斯市', '1');
INSERT INTO `sys_city_info` VALUES ('080801', '市辖区', '2');
INSERT INTO `sys_city_info` VALUES ('080802', '永红区', '2');
INSERT INTO `sys_city_info` VALUES ('080803', '向阳区', '2');
INSERT INTO `sys_city_info` VALUES ('080804', '前进区', '2');
INSERT INTO `sys_city_info` VALUES ('080805', '东风区', '2');
INSERT INTO `sys_city_info` VALUES ('080806', '郊　区', '2');
INSERT INTO `sys_city_info` VALUES ('080807', '桦南县', '2');
INSERT INTO `sys_city_info` VALUES ('080808', '桦川县', '2');
INSERT INTO `sys_city_info` VALUES ('080809', '汤原县', '2');
INSERT INTO `sys_city_info` VALUES ('080810', '抚远县', '2');
INSERT INTO `sys_city_info` VALUES ('080811', '同江市', '2');
INSERT INTO `sys_city_info` VALUES ('080812', '富锦市', '2');
INSERT INTO `sys_city_info` VALUES ('0809', '七台河市', '1');
INSERT INTO `sys_city_info` VALUES ('080901', '市辖区', '2');
INSERT INTO `sys_city_info` VALUES ('080902', '新兴区', '2');
INSERT INTO `sys_city_info` VALUES ('080903', '桃山区', '2');
INSERT INTO `sys_city_info` VALUES ('080904', '茄子河区', '2');
INSERT INTO `sys_city_info` VALUES ('080905', '勃利县', '2');
INSERT INTO `sys_city_info` VALUES ('0810', '牡丹江市', '1');
INSERT INTO `sys_city_info` VALUES ('081001', '市辖区', '2');
INSERT INTO `sys_city_info` VALUES ('081002', '东安区', '2');
INSERT INTO `sys_city_info` VALUES ('081003', '阳明区', '2');
INSERT INTO `sys_city_info` VALUES ('081004', '爱民区', '2');
INSERT INTO `sys_city_info` VALUES ('081005', '西安区', '2');
INSERT INTO `sys_city_info` VALUES ('081006', '东宁县', '2');
INSERT INTO `sys_city_info` VALUES ('081007', '林口县', '2');
INSERT INTO `sys_city_info` VALUES ('081008', '绥芬河市', '2');
INSERT INTO `sys_city_info` VALUES ('081009', '海林市', '2');
INSERT INTO `sys_city_info` VALUES ('081010', '宁安市', '2');
INSERT INTO `sys_city_info` VALUES ('081011', '穆棱市', '2');
INSERT INTO `sys_city_info` VALUES ('0811', '黑河市', '1');
INSERT INTO `sys_city_info` VALUES ('081101', '市辖区', '2');
INSERT INTO `sys_city_info` VALUES ('081102', '爱辉区', '2');
INSERT INTO `sys_city_info` VALUES ('081103', '嫩江县', '2');
INSERT INTO `sys_city_info` VALUES ('081104', '逊克县', '2');
INSERT INTO `sys_city_info` VALUES ('081105', '孙吴县', '2');
INSERT INTO `sys_city_info` VALUES ('081106', '北安市', '2');
INSERT INTO `sys_city_info` VALUES ('081107', '五大连池市', '2');
INSERT INTO `sys_city_info` VALUES ('0812', '绥化市', '1');
INSERT INTO `sys_city_info` VALUES ('081201', '市辖区', '2');
INSERT INTO `sys_city_info` VALUES ('081202', '北林区', '2');
INSERT INTO `sys_city_info` VALUES ('081203', '望奎县', '2');
INSERT INTO `sys_city_info` VALUES ('081204', '兰西县', '2');
INSERT INTO `sys_city_info` VALUES ('081205', '青冈县', '2');
INSERT INTO `sys_city_info` VALUES ('081206', '庆安县', '2');
INSERT INTO `sys_city_info` VALUES ('081207', '明水县', '2');
INSERT INTO `sys_city_info` VALUES ('081208', '绥棱县', '2');
INSERT INTO `sys_city_info` VALUES ('081209', '安达市', '2');
INSERT INTO `sys_city_info` VALUES ('081210', '肇东市', '2');
INSERT INTO `sys_city_info` VALUES ('081211', '海伦市', '2');
INSERT INTO `sys_city_info` VALUES ('0813', '大兴安岭地区', '1');
INSERT INTO `sys_city_info` VALUES ('081301', '呼玛县', '2');
INSERT INTO `sys_city_info` VALUES ('081302', '塔河县', '2');
INSERT INTO `sys_city_info` VALUES ('081303', '漠河县', '2');
INSERT INTO `sys_city_info` VALUES ('09', '上海市', '0');
INSERT INTO `sys_city_info` VALUES ('0901', '市辖区', '1');
INSERT INTO `sys_city_info` VALUES ('090101', '黄浦区', '2');
INSERT INTO `sys_city_info` VALUES ('090102', '卢湾区', '2');
INSERT INTO `sys_city_info` VALUES ('090103', '徐汇区', '2');
INSERT INTO `sys_city_info` VALUES ('090104', '长宁区', '2');
INSERT INTO `sys_city_info` VALUES ('090105', '静安区', '2');
INSERT INTO `sys_city_info` VALUES ('090106', '普陀区', '2');
INSERT INTO `sys_city_info` VALUES ('090107', '闸北区', '2');
INSERT INTO `sys_city_info` VALUES ('090108', '虹口区', '2');
INSERT INTO `sys_city_info` VALUES ('090109', '杨浦区', '2');
INSERT INTO `sys_city_info` VALUES ('090110', '闵行区', '2');
INSERT INTO `sys_city_info` VALUES ('090111', '宝山区', '2');
INSERT INTO `sys_city_info` VALUES ('090112', '嘉定区', '2');
INSERT INTO `sys_city_info` VALUES ('090113', '浦东新区', '2');
INSERT INTO `sys_city_info` VALUES ('090114', '金山区', '2');
INSERT INTO `sys_city_info` VALUES ('090115', '松江区', '2');
INSERT INTO `sys_city_info` VALUES ('090116', '青浦区', '2');
INSERT INTO `sys_city_info` VALUES ('090117', '南汇区', '2');
INSERT INTO `sys_city_info` VALUES ('090118', '奉贤区', '2');
INSERT INTO `sys_city_info` VALUES ('0902', '县', '1');
INSERT INTO `sys_city_info` VALUES ('090201', '崇明县', '2');
INSERT INTO `sys_city_info` VALUES ('10', '江苏省', '0');
INSERT INTO `sys_city_info` VALUES ('1001', '南京市', '1');
INSERT INTO `sys_city_info` VALUES ('100101', '市辖区', '2');
INSERT INTO `sys_city_info` VALUES ('100102', '玄武区', '2');
INSERT INTO `sys_city_info` VALUES ('100103', '白下区', '2');
INSERT INTO `sys_city_info` VALUES ('100104', '秦淮区', '2');
INSERT INTO `sys_city_info` VALUES ('100105', '建邺区', '2');
INSERT INTO `sys_city_info` VALUES ('100106', '鼓楼区', '2');
INSERT INTO `sys_city_info` VALUES ('100107', '下关区', '2');
INSERT INTO `sys_city_info` VALUES ('100108', '浦口区', '2');
INSERT INTO `sys_city_info` VALUES ('100109', '栖霞区', '2');
INSERT INTO `sys_city_info` VALUES ('100110', '雨花台区', '2');
INSERT INTO `sys_city_info` VALUES ('100111', '江宁区', '2');
INSERT INTO `sys_city_info` VALUES ('100112', '六合区', '2');
INSERT INTO `sys_city_info` VALUES ('100113', '溧水县', '2');
INSERT INTO `sys_city_info` VALUES ('100114', '高淳县', '2');
INSERT INTO `sys_city_info` VALUES ('1002', '无锡市', '1');
INSERT INTO `sys_city_info` VALUES ('100201', '市辖区', '2');
INSERT INTO `sys_city_info` VALUES ('100202', '崇安区', '2');
INSERT INTO `sys_city_info` VALUES ('100203', '南长区', '2');
INSERT INTO `sys_city_info` VALUES ('100204', '北塘区', '2');
INSERT INTO `sys_city_info` VALUES ('100205', '锡山区', '2');
INSERT INTO `sys_city_info` VALUES ('100206', '惠山区', '2');
INSERT INTO `sys_city_info` VALUES ('100207', '滨湖区', '2');
INSERT INTO `sys_city_info` VALUES ('100208', '江阴市', '2');
INSERT INTO `sys_city_info` VALUES ('100209', '宜兴市', '2');
INSERT INTO `sys_city_info` VALUES ('1003', '徐州市', '1');
INSERT INTO `sys_city_info` VALUES ('100301', '市辖区', '2');
INSERT INTO `sys_city_info` VALUES ('100302', '鼓楼区', '2');
INSERT INTO `sys_city_info` VALUES ('100303', '云龙区', '2');
INSERT INTO `sys_city_info` VALUES ('100304', '九里区', '2');
INSERT INTO `sys_city_info` VALUES ('100305', '贾汪区', '2');
INSERT INTO `sys_city_info` VALUES ('100306', '泉山区', '2');
INSERT INTO `sys_city_info` VALUES ('100307', '丰　县', '2');
INSERT INTO `sys_city_info` VALUES ('100308', '沛　县', '2');
INSERT INTO `sys_city_info` VALUES ('100309', '铜山县', '2');
INSERT INTO `sys_city_info` VALUES ('100310', '睢宁县', '2');
INSERT INTO `sys_city_info` VALUES ('100311', '新沂市', '2');
INSERT INTO `sys_city_info` VALUES ('100312', '邳州市', '2');
INSERT INTO `sys_city_info` VALUES ('1004', '常州市', '1');
INSERT INTO `sys_city_info` VALUES ('100401', '市辖区', '2');
INSERT INTO `sys_city_info` VALUES ('100402', '天宁区', '2');
INSERT INTO `sys_city_info` VALUES ('100403', '钟楼区', '2');
INSERT INTO `sys_city_info` VALUES ('100404', '戚墅堰区', '2');
INSERT INTO `sys_city_info` VALUES ('100405', '新北区', '2');
INSERT INTO `sys_city_info` VALUES ('100406', '武进区', '2');
INSERT INTO `sys_city_info` VALUES ('100407', '溧阳市', '2');
INSERT INTO `sys_city_info` VALUES ('100408', '金坛市', '2');
INSERT INTO `sys_city_info` VALUES ('1005', '苏州市', '1');
INSERT INTO `sys_city_info` VALUES ('100501', '市辖区', '2');
INSERT INTO `sys_city_info` VALUES ('100502', '沧浪区', '2');
INSERT INTO `sys_city_info` VALUES ('100503', '平江区', '2');
INSERT INTO `sys_city_info` VALUES ('100504', '金阊区', '2');
INSERT INTO `sys_city_info` VALUES ('100505', '虎丘区', '2');
INSERT INTO `sys_city_info` VALUES ('100506', '吴中区', '2');
INSERT INTO `sys_city_info` VALUES ('100507', '相城区', '2');
INSERT INTO `sys_city_info` VALUES ('100508', '常熟市', '2');
INSERT INTO `sys_city_info` VALUES ('100509', '张家港市', '2');
INSERT INTO `sys_city_info` VALUES ('100510', '昆山市', '2');
INSERT INTO `sys_city_info` VALUES ('100511', '吴江市', '2');
INSERT INTO `sys_city_info` VALUES ('100512', '太仓市', '2');
INSERT INTO `sys_city_info` VALUES ('1006', '南通市', '1');
INSERT INTO `sys_city_info` VALUES ('100601', '市辖区', '2');
INSERT INTO `sys_city_info` VALUES ('100602', '崇川区', '2');
INSERT INTO `sys_city_info` VALUES ('100603', '港闸区', '2');
INSERT INTO `sys_city_info` VALUES ('100604', '海安县', '2');
INSERT INTO `sys_city_info` VALUES ('100605', '如东县', '2');
INSERT INTO `sys_city_info` VALUES ('100606', '启东市', '2');
INSERT INTO `sys_city_info` VALUES ('100607', '如皋市', '2');
INSERT INTO `sys_city_info` VALUES ('100608', '通州市', '2');
INSERT INTO `sys_city_info` VALUES ('100609', '海门市', '2');
INSERT INTO `sys_city_info` VALUES ('1007', '连云港市', '1');
INSERT INTO `sys_city_info` VALUES ('100701', '市辖区', '2');
INSERT INTO `sys_city_info` VALUES ('100702', '连云区', '2');
INSERT INTO `sys_city_info` VALUES ('100703', '新浦区', '2');
INSERT INTO `sys_city_info` VALUES ('100704', '海州区', '2');
INSERT INTO `sys_city_info` VALUES ('100705', '赣榆县', '2');
INSERT INTO `sys_city_info` VALUES ('100706', '东海县', '2');
INSERT INTO `sys_city_info` VALUES ('100707', '灌云县', '2');
INSERT INTO `sys_city_info` VALUES ('100708', '灌南县', '2');
INSERT INTO `sys_city_info` VALUES ('1008', '淮安市', '1');
INSERT INTO `sys_city_info` VALUES ('100801', '市辖区', '2');
INSERT INTO `sys_city_info` VALUES ('100802', '清河区', '2');
INSERT INTO `sys_city_info` VALUES ('100803', '楚州区', '2');
INSERT INTO `sys_city_info` VALUES ('100804', '淮阴区', '2');
INSERT INTO `sys_city_info` VALUES ('100805', '清浦区', '2');
INSERT INTO `sys_city_info` VALUES ('100806', '涟水县', '2');
INSERT INTO `sys_city_info` VALUES ('100807', '洪泽县', '2');
INSERT INTO `sys_city_info` VALUES ('100808', '盱眙县', '2');
INSERT INTO `sys_city_info` VALUES ('100809', '金湖县', '2');
INSERT INTO `sys_city_info` VALUES ('1009', '盐城市', '1');
INSERT INTO `sys_city_info` VALUES ('100901', '市辖区', '2');
INSERT INTO `sys_city_info` VALUES ('100902', '亭湖区', '2');
INSERT INTO `sys_city_info` VALUES ('100903', '盐都区', '2');
INSERT INTO `sys_city_info` VALUES ('100904', '响水县', '2');
INSERT INTO `sys_city_info` VALUES ('100905', '滨海县', '2');
INSERT INTO `sys_city_info` VALUES ('100906', '阜宁县', '2');
INSERT INTO `sys_city_info` VALUES ('100907', '射阳县', '2');
INSERT INTO `sys_city_info` VALUES ('100908', '建湖县', '2');
INSERT INTO `sys_city_info` VALUES ('100909', '东台市', '2');
INSERT INTO `sys_city_info` VALUES ('100910', '大丰市', '2');
INSERT INTO `sys_city_info` VALUES ('1010', '扬州市', '1');
INSERT INTO `sys_city_info` VALUES ('101001', '市辖区', '2');
INSERT INTO `sys_city_info` VALUES ('101002', '广陵区', '2');
INSERT INTO `sys_city_info` VALUES ('101003', '邗江区', '2');
INSERT INTO `sys_city_info` VALUES ('101004', '郊　区', '2');
INSERT INTO `sys_city_info` VALUES ('101005', '宝应县', '2');
INSERT INTO `sys_city_info` VALUES ('101006', '仪征市', '2');
INSERT INTO `sys_city_info` VALUES ('101007', '高邮市', '2');
INSERT INTO `sys_city_info` VALUES ('101008', '江都市', '2');
INSERT INTO `sys_city_info` VALUES ('1011', '镇江市', '1');
INSERT INTO `sys_city_info` VALUES ('101101', '市辖区', '2');
INSERT INTO `sys_city_info` VALUES ('101102', '京口区', '2');
INSERT INTO `sys_city_info` VALUES ('101103', '润州区', '2');
INSERT INTO `sys_city_info` VALUES ('101104', '丹徒区', '2');
INSERT INTO `sys_city_info` VALUES ('101105', '丹阳市', '2');
INSERT INTO `sys_city_info` VALUES ('101106', '扬中市', '2');
INSERT INTO `sys_city_info` VALUES ('101107', '句容市', '2');
INSERT INTO `sys_city_info` VALUES ('1012', '泰州市', '1');
INSERT INTO `sys_city_info` VALUES ('101201', '市辖区', '2');
INSERT INTO `sys_city_info` VALUES ('101202', '海陵区', '2');
INSERT INTO `sys_city_info` VALUES ('101203', '高港区', '2');
INSERT INTO `sys_city_info` VALUES ('101204', '兴化市', '2');
INSERT INTO `sys_city_info` VALUES ('101205', '靖江市', '2');
INSERT INTO `sys_city_info` VALUES ('101206', '泰兴市', '2');
INSERT INTO `sys_city_info` VALUES ('101207', '姜堰市', '2');
INSERT INTO `sys_city_info` VALUES ('1013', '宿迁市', '1');
INSERT INTO `sys_city_info` VALUES ('101301', '市辖区', '2');
INSERT INTO `sys_city_info` VALUES ('101302', '宿城区', '2');
INSERT INTO `sys_city_info` VALUES ('101303', '宿豫区', '2');
INSERT INTO `sys_city_info` VALUES ('101304', '沭阳县', '2');
INSERT INTO `sys_city_info` VALUES ('101305', '泗阳县', '2');
INSERT INTO `sys_city_info` VALUES ('101306', '泗洪县', '2');
INSERT INTO `sys_city_info` VALUES ('11', '浙江省', '0');
INSERT INTO `sys_city_info` VALUES ('1101', '杭州市', '1');
INSERT INTO `sys_city_info` VALUES ('110101', '市辖区', '2');
INSERT INTO `sys_city_info` VALUES ('110102', '上城区', '2');
INSERT INTO `sys_city_info` VALUES ('110103', '下城区', '2');
INSERT INTO `sys_city_info` VALUES ('110104', '江干区', '2');
INSERT INTO `sys_city_info` VALUES ('110105', '拱墅区', '2');
INSERT INTO `sys_city_info` VALUES ('110106', '西湖区', '2');
INSERT INTO `sys_city_info` VALUES ('110107', '滨江区', '2');
INSERT INTO `sys_city_info` VALUES ('110108', '萧山区', '2');
INSERT INTO `sys_city_info` VALUES ('110109', '余杭区', '2');
INSERT INTO `sys_city_info` VALUES ('110110', '桐庐县', '2');
INSERT INTO `sys_city_info` VALUES ('110111', '淳安县', '2');
INSERT INTO `sys_city_info` VALUES ('110112', '建德市', '2');
INSERT INTO `sys_city_info` VALUES ('110113', '富阳市', '2');
INSERT INTO `sys_city_info` VALUES ('110114', '临安市', '2');
INSERT INTO `sys_city_info` VALUES ('1102', '宁波市', '1');
INSERT INTO `sys_city_info` VALUES ('110201', '市辖区', '2');
INSERT INTO `sys_city_info` VALUES ('110202', '海曙区', '2');
INSERT INTO `sys_city_info` VALUES ('110203', '江东区', '2');
INSERT INTO `sys_city_info` VALUES ('110204', '江北区', '2');
INSERT INTO `sys_city_info` VALUES ('110205', '北仑区', '2');
INSERT INTO `sys_city_info` VALUES ('110206', '镇海区', '2');
INSERT INTO `sys_city_info` VALUES ('110207', '鄞州区', '2');
INSERT INTO `sys_city_info` VALUES ('110208', '象山县', '2');
INSERT INTO `sys_city_info` VALUES ('110209', '宁海县', '2');
INSERT INTO `sys_city_info` VALUES ('110210', '余姚市', '2');
INSERT INTO `sys_city_info` VALUES ('110211', '慈溪市', '2');
INSERT INTO `sys_city_info` VALUES ('110212', '奉化市', '2');
INSERT INTO `sys_city_info` VALUES ('1103', '温州市', '1');
INSERT INTO `sys_city_info` VALUES ('110301', '市辖区', '2');
INSERT INTO `sys_city_info` VALUES ('110302', '鹿城区', '2');
INSERT INTO `sys_city_info` VALUES ('110303', '龙湾区', '2');
INSERT INTO `sys_city_info` VALUES ('110304', '瓯海区', '2');
INSERT INTO `sys_city_info` VALUES ('110305', '洞头县', '2');
INSERT INTO `sys_city_info` VALUES ('110306', '永嘉县', '2');
INSERT INTO `sys_city_info` VALUES ('110307', '平阳县', '2');
INSERT INTO `sys_city_info` VALUES ('110308', '苍南县', '2');
INSERT INTO `sys_city_info` VALUES ('110309', '文成县', '2');
INSERT INTO `sys_city_info` VALUES ('110310', '泰顺县', '2');
INSERT INTO `sys_city_info` VALUES ('110311', '瑞安市', '2');
INSERT INTO `sys_city_info` VALUES ('110312', '乐清市', '2');
INSERT INTO `sys_city_info` VALUES ('1104', '嘉兴市', '1');
INSERT INTO `sys_city_info` VALUES ('110401', '市辖区', '2');
INSERT INTO `sys_city_info` VALUES ('110402', '秀城区', '2');
INSERT INTO `sys_city_info` VALUES ('110403', '秀洲区', '2');
INSERT INTO `sys_city_info` VALUES ('110404', '嘉善县', '2');
INSERT INTO `sys_city_info` VALUES ('110405', '海盐县', '2');
INSERT INTO `sys_city_info` VALUES ('110406', '海宁市', '2');
INSERT INTO `sys_city_info` VALUES ('110407', '平湖市', '2');
INSERT INTO `sys_city_info` VALUES ('110408', '桐乡市', '2');
INSERT INTO `sys_city_info` VALUES ('1105', '湖州市', '1');
INSERT INTO `sys_city_info` VALUES ('110501', '市辖区', '2');
INSERT INTO `sys_city_info` VALUES ('110502', '吴兴区', '2');
INSERT INTO `sys_city_info` VALUES ('110503', '南浔区', '2');
INSERT INTO `sys_city_info` VALUES ('110504', '德清县', '2');
INSERT INTO `sys_city_info` VALUES ('110505', '长兴县', '2');
INSERT INTO `sys_city_info` VALUES ('110506', '安吉县', '2');
INSERT INTO `sys_city_info` VALUES ('1106', '绍兴市', '1');
INSERT INTO `sys_city_info` VALUES ('110601', '市辖区', '2');
INSERT INTO `sys_city_info` VALUES ('110602', '越城区', '2');
INSERT INTO `sys_city_info` VALUES ('110603', '绍兴县', '2');
INSERT INTO `sys_city_info` VALUES ('110604', '新昌县', '2');
INSERT INTO `sys_city_info` VALUES ('110605', '诸暨市', '2');
INSERT INTO `sys_city_info` VALUES ('110606', '上虞市', '2');
INSERT INTO `sys_city_info` VALUES ('110607', '嵊州市', '2');
INSERT INTO `sys_city_info` VALUES ('1107', '金华市', '1');
INSERT INTO `sys_city_info` VALUES ('110701', '市辖区', '2');
INSERT INTO `sys_city_info` VALUES ('110702', '婺城区', '2');
INSERT INTO `sys_city_info` VALUES ('110703', '金东区', '2');
INSERT INTO `sys_city_info` VALUES ('110704', '武义县', '2');
INSERT INTO `sys_city_info` VALUES ('110705', '浦江县', '2');
INSERT INTO `sys_city_info` VALUES ('110706', '磐安县', '2');
INSERT INTO `sys_city_info` VALUES ('110707', '兰溪市', '2');
INSERT INTO `sys_city_info` VALUES ('110708', '义乌市', '2');
INSERT INTO `sys_city_info` VALUES ('110709', '东阳市', '2');
INSERT INTO `sys_city_info` VALUES ('110710', '永康市', '2');
INSERT INTO `sys_city_info` VALUES ('1108', '衢州市', '1');
INSERT INTO `sys_city_info` VALUES ('110801', '市辖区', '2');
INSERT INTO `sys_city_info` VALUES ('110802', '柯城区', '2');
INSERT INTO `sys_city_info` VALUES ('110803', '衢江区', '2');
INSERT INTO `sys_city_info` VALUES ('110804', '常山县', '2');
INSERT INTO `sys_city_info` VALUES ('110805', '开化县', '2');
INSERT INTO `sys_city_info` VALUES ('110806', '龙游县', '2');
INSERT INTO `sys_city_info` VALUES ('110807', '江山市', '2');
INSERT INTO `sys_city_info` VALUES ('1109', '舟山市', '1');
INSERT INTO `sys_city_info` VALUES ('110901', '市辖区', '2');
INSERT INTO `sys_city_info` VALUES ('110902', '定海区', '2');
INSERT INTO `sys_city_info` VALUES ('110903', '普陀区', '2');
INSERT INTO `sys_city_info` VALUES ('110904', '岱山县', '2');
INSERT INTO `sys_city_info` VALUES ('110905', '嵊泗县', '2');
INSERT INTO `sys_city_info` VALUES ('1110', '台州市', '1');
INSERT INTO `sys_city_info` VALUES ('111001', '市辖区', '2');
INSERT INTO `sys_city_info` VALUES ('111002', '椒江区', '2');
INSERT INTO `sys_city_info` VALUES ('111003', '黄岩区', '2');
INSERT INTO `sys_city_info` VALUES ('111004', '路桥区', '2');
INSERT INTO `sys_city_info` VALUES ('111005', '玉环县', '2');
INSERT INTO `sys_city_info` VALUES ('111006', '三门县', '2');
INSERT INTO `sys_city_info` VALUES ('111007', '天台县', '2');
INSERT INTO `sys_city_info` VALUES ('111008', '仙居县', '2');
INSERT INTO `sys_city_info` VALUES ('111009', '温岭市', '2');
INSERT INTO `sys_city_info` VALUES ('111010', '临海市', '2');
INSERT INTO `sys_city_info` VALUES ('1111', '丽水市', '1');
INSERT INTO `sys_city_info` VALUES ('111101', '市辖区', '2');
INSERT INTO `sys_city_info` VALUES ('111102', '莲都区', '2');
INSERT INTO `sys_city_info` VALUES ('111103', '青田县', '2');
INSERT INTO `sys_city_info` VALUES ('111104', '缙云县', '2');
INSERT INTO `sys_city_info` VALUES ('111105', '遂昌县', '2');
INSERT INTO `sys_city_info` VALUES ('111106', '松阳县', '2');
INSERT INTO `sys_city_info` VALUES ('111107', '云和县', '2');
INSERT INTO `sys_city_info` VALUES ('111108', '庆元县', '2');
INSERT INTO `sys_city_info` VALUES ('111109', '景宁畲族自治县', '2');
INSERT INTO `sys_city_info` VALUES ('111110', '龙泉市', '2');
INSERT INTO `sys_city_info` VALUES ('12', '安徽省', '0');
INSERT INTO `sys_city_info` VALUES ('1201', '合肥市', '1');
INSERT INTO `sys_city_info` VALUES ('120101', '市辖区', '2');
INSERT INTO `sys_city_info` VALUES ('120102', '瑶海区', '2');
INSERT INTO `sys_city_info` VALUES ('120103', '庐阳区', '2');
INSERT INTO `sys_city_info` VALUES ('120104', '蜀山区', '2');
INSERT INTO `sys_city_info` VALUES ('120105', '包河区', '2');
INSERT INTO `sys_city_info` VALUES ('120106', '长丰县', '2');
INSERT INTO `sys_city_info` VALUES ('120107', '肥东县', '2');
INSERT INTO `sys_city_info` VALUES ('120108', '肥西县', '2');
INSERT INTO `sys_city_info` VALUES ('1202', '芜湖市', '1');
INSERT INTO `sys_city_info` VALUES ('120201', '市辖区', '2');
INSERT INTO `sys_city_info` VALUES ('120202', '镜湖区', '2');
INSERT INTO `sys_city_info` VALUES ('120203', '马塘区', '2');
INSERT INTO `sys_city_info` VALUES ('120204', '新芜区', '2');
INSERT INTO `sys_city_info` VALUES ('120205', '鸠江区', '2');
INSERT INTO `sys_city_info` VALUES ('120206', '芜湖县', '2');
INSERT INTO `sys_city_info` VALUES ('120207', '繁昌县', '2');
INSERT INTO `sys_city_info` VALUES ('120208', '南陵县', '2');
INSERT INTO `sys_city_info` VALUES ('1203', '蚌埠市', '1');
INSERT INTO `sys_city_info` VALUES ('120301', '市辖区', '2');
INSERT INTO `sys_city_info` VALUES ('120302', '龙子湖区', '2');
INSERT INTO `sys_city_info` VALUES ('120303', '蚌山区', '2');
INSERT INTO `sys_city_info` VALUES ('120304', '禹会区', '2');
INSERT INTO `sys_city_info` VALUES ('120305', '淮上区', '2');
INSERT INTO `sys_city_info` VALUES ('120306', '怀远县', '2');
INSERT INTO `sys_city_info` VALUES ('120307', '五河县', '2');
INSERT INTO `sys_city_info` VALUES ('120308', '固镇县', '2');
INSERT INTO `sys_city_info` VALUES ('1204', '淮南市', '1');
INSERT INTO `sys_city_info` VALUES ('120401', '市辖区', '2');
INSERT INTO `sys_city_info` VALUES ('120402', '大通区', '2');
INSERT INTO `sys_city_info` VALUES ('120403', '田家庵区', '2');
INSERT INTO `sys_city_info` VALUES ('120404', '谢家集区', '2');
INSERT INTO `sys_city_info` VALUES ('120405', '八公山区', '2');
INSERT INTO `sys_city_info` VALUES ('120406', '潘集区', '2');
INSERT INTO `sys_city_info` VALUES ('120407', '凤台县', '2');
INSERT INTO `sys_city_info` VALUES ('1205', '马鞍山市', '1');
INSERT INTO `sys_city_info` VALUES ('120501', '市辖区', '2');
INSERT INTO `sys_city_info` VALUES ('120502', '金家庄区', '2');
INSERT INTO `sys_city_info` VALUES ('120503', '花山区', '2');
INSERT INTO `sys_city_info` VALUES ('120504', '雨山区', '2');
INSERT INTO `sys_city_info` VALUES ('120505', '当涂县', '2');
INSERT INTO `sys_city_info` VALUES ('1206', '淮北市', '1');
INSERT INTO `sys_city_info` VALUES ('120601', '市辖区', '2');
INSERT INTO `sys_city_info` VALUES ('120602', '杜集区', '2');
INSERT INTO `sys_city_info` VALUES ('120603', '相山区', '2');
INSERT INTO `sys_city_info` VALUES ('120604', '烈山区', '2');
INSERT INTO `sys_city_info` VALUES ('120605', '濉溪县', '2');
INSERT INTO `sys_city_info` VALUES ('1207', '铜陵市', '1');
INSERT INTO `sys_city_info` VALUES ('120701', '市辖区', '2');
INSERT INTO `sys_city_info` VALUES ('120702', '铜官山区', '2');
INSERT INTO `sys_city_info` VALUES ('120703', '狮子山区', '2');
INSERT INTO `sys_city_info` VALUES ('120704', '郊　区', '2');
INSERT INTO `sys_city_info` VALUES ('120705', '铜陵县', '2');
INSERT INTO `sys_city_info` VALUES ('1208', '安庆市', '1');
INSERT INTO `sys_city_info` VALUES ('120801', '市辖区', '2');
INSERT INTO `sys_city_info` VALUES ('120802', '迎江区', '2');
INSERT INTO `sys_city_info` VALUES ('120803', '大观区', '2');
INSERT INTO `sys_city_info` VALUES ('120804', '郊　区', '2');
INSERT INTO `sys_city_info` VALUES ('120805', '怀宁县', '2');
INSERT INTO `sys_city_info` VALUES ('120806', '枞阳县', '2');
INSERT INTO `sys_city_info` VALUES ('120807', '潜山县', '2');
INSERT INTO `sys_city_info` VALUES ('120808', '太湖县', '2');
INSERT INTO `sys_city_info` VALUES ('120809', '宿松县', '2');
INSERT INTO `sys_city_info` VALUES ('120810', '望江县', '2');
INSERT INTO `sys_city_info` VALUES ('120811', '岳西县', '2');
INSERT INTO `sys_city_info` VALUES ('120812', '桐城市', '2');
INSERT INTO `sys_city_info` VALUES ('1209', '黄山市', '1');
INSERT INTO `sys_city_info` VALUES ('120901', '市辖区', '2');
INSERT INTO `sys_city_info` VALUES ('120902', '屯溪区', '2');
INSERT INTO `sys_city_info` VALUES ('120903', '黄山区', '2');
INSERT INTO `sys_city_info` VALUES ('120904', '徽州区', '2');
INSERT INTO `sys_city_info` VALUES ('120905', '歙　县', '2');
INSERT INTO `sys_city_info` VALUES ('120906', '休宁县', '2');
INSERT INTO `sys_city_info` VALUES ('120907', '黟　县', '2');
INSERT INTO `sys_city_info` VALUES ('120908', '祁门县', '2');
INSERT INTO `sys_city_info` VALUES ('1210', '滁州市', '1');
INSERT INTO `sys_city_info` VALUES ('121001', '市辖区', '2');
INSERT INTO `sys_city_info` VALUES ('121002', '琅琊区', '2');
INSERT INTO `sys_city_info` VALUES ('121003', '南谯区', '2');
INSERT INTO `sys_city_info` VALUES ('121004', '来安县', '2');
INSERT INTO `sys_city_info` VALUES ('121005', '全椒县', '2');
INSERT INTO `sys_city_info` VALUES ('121006', '定远县', '2');
INSERT INTO `sys_city_info` VALUES ('121007', '凤阳县', '2');
INSERT INTO `sys_city_info` VALUES ('121008', '天长市', '2');
INSERT INTO `sys_city_info` VALUES ('121009', '明光市', '2');
INSERT INTO `sys_city_info` VALUES ('1211', '阜阳市', '1');
INSERT INTO `sys_city_info` VALUES ('121101', '市辖区', '2');
INSERT INTO `sys_city_info` VALUES ('121102', '颍州区', '2');
INSERT INTO `sys_city_info` VALUES ('121103', '颍东区', '2');
INSERT INTO `sys_city_info` VALUES ('121104', '颍泉区', '2');
INSERT INTO `sys_city_info` VALUES ('121105', '临泉县', '2');
INSERT INTO `sys_city_info` VALUES ('121106', '太和县', '2');
INSERT INTO `sys_city_info` VALUES ('121107', '阜南县', '2');
INSERT INTO `sys_city_info` VALUES ('121108', '颍上县', '2');
INSERT INTO `sys_city_info` VALUES ('121109', '界首市', '2');
INSERT INTO `sys_city_info` VALUES ('1212', '宿州市', '1');
INSERT INTO `sys_city_info` VALUES ('121201', '市辖区', '2');
INSERT INTO `sys_city_info` VALUES ('121202', '墉桥区', '2');
INSERT INTO `sys_city_info` VALUES ('121203', '砀山县', '2');
INSERT INTO `sys_city_info` VALUES ('121204', '萧　县', '2');
INSERT INTO `sys_city_info` VALUES ('121205', '灵璧县', '2');
INSERT INTO `sys_city_info` VALUES ('121206', '泗　县', '2');
INSERT INTO `sys_city_info` VALUES ('1213', '巢湖市', '1');
INSERT INTO `sys_city_info` VALUES ('121301', '市辖区', '2');
INSERT INTO `sys_city_info` VALUES ('121302', '居巢区', '2');
INSERT INTO `sys_city_info` VALUES ('121303', '庐江县', '2');
INSERT INTO `sys_city_info` VALUES ('121304', '无为县', '2');
INSERT INTO `sys_city_info` VALUES ('121305', '含山县', '2');
INSERT INTO `sys_city_info` VALUES ('121306', '和　县', '2');
INSERT INTO `sys_city_info` VALUES ('1214', '六安市', '1');
INSERT INTO `sys_city_info` VALUES ('121401', '市辖区', '2');
INSERT INTO `sys_city_info` VALUES ('121402', '金安区', '2');
INSERT INTO `sys_city_info` VALUES ('121403', '裕安区', '2');
INSERT INTO `sys_city_info` VALUES ('121404', '寿　县', '2');
INSERT INTO `sys_city_info` VALUES ('121405', '霍邱县', '2');
INSERT INTO `sys_city_info` VALUES ('121406', '舒城县', '2');
INSERT INTO `sys_city_info` VALUES ('121407', '金寨县', '2');
INSERT INTO `sys_city_info` VALUES ('121408', '霍山县', '2');
INSERT INTO `sys_city_info` VALUES ('1215', '亳州市', '1');
INSERT INTO `sys_city_info` VALUES ('121501', '市辖区', '2');
INSERT INTO `sys_city_info` VALUES ('121502', '谯城区', '2');
INSERT INTO `sys_city_info` VALUES ('121503', '涡阳县', '2');
INSERT INTO `sys_city_info` VALUES ('121504', '蒙城县', '2');
INSERT INTO `sys_city_info` VALUES ('121505', '利辛县', '2');
INSERT INTO `sys_city_info` VALUES ('1216', '池州市', '1');
INSERT INTO `sys_city_info` VALUES ('121601', '市辖区', '2');
INSERT INTO `sys_city_info` VALUES ('121602', '贵池区', '2');
INSERT INTO `sys_city_info` VALUES ('121603', '东至县', '2');
INSERT INTO `sys_city_info` VALUES ('121604', '石台县', '2');
INSERT INTO `sys_city_info` VALUES ('121605', '青阳县', '2');
INSERT INTO `sys_city_info` VALUES ('1217', '宣城市', '1');
INSERT INTO `sys_city_info` VALUES ('121701', '市辖区', '2');
INSERT INTO `sys_city_info` VALUES ('121702', '宣州区', '2');
INSERT INTO `sys_city_info` VALUES ('121703', '郎溪县', '2');
INSERT INTO `sys_city_info` VALUES ('121704', '广德县', '2');
INSERT INTO `sys_city_info` VALUES ('121705', '泾　县', '2');
INSERT INTO `sys_city_info` VALUES ('121706', '绩溪县', '2');
INSERT INTO `sys_city_info` VALUES ('121707', '旌德县', '2');
INSERT INTO `sys_city_info` VALUES ('121708', '宁国市', '2');
INSERT INTO `sys_city_info` VALUES ('13', '福建省', '0');
INSERT INTO `sys_city_info` VALUES ('1301', '福州市', '1');
INSERT INTO `sys_city_info` VALUES ('130101', '市辖区', '2');
INSERT INTO `sys_city_info` VALUES ('130102', '鼓楼区', '2');
INSERT INTO `sys_city_info` VALUES ('130103', '台江区', '2');
INSERT INTO `sys_city_info` VALUES ('130104', '仓山区', '2');
INSERT INTO `sys_city_info` VALUES ('130105', '马尾区', '2');
INSERT INTO `sys_city_info` VALUES ('130106', '晋安区', '2');
INSERT INTO `sys_city_info` VALUES ('130107', '闽侯县', '2');
INSERT INTO `sys_city_info` VALUES ('130108', '连江县', '2');
INSERT INTO `sys_city_info` VALUES ('130109', '罗源县', '2');
INSERT INTO `sys_city_info` VALUES ('130110', '闽清县', '2');
INSERT INTO `sys_city_info` VALUES ('130111', '永泰县', '2');
INSERT INTO `sys_city_info` VALUES ('130112', '平潭县', '2');
INSERT INTO `sys_city_info` VALUES ('130113', '福清市', '2');
INSERT INTO `sys_city_info` VALUES ('130114', '长乐市', '2');
INSERT INTO `sys_city_info` VALUES ('1302', '厦门市', '1');
INSERT INTO `sys_city_info` VALUES ('130201', '市辖区', '2');
INSERT INTO `sys_city_info` VALUES ('130202', '思明区', '2');
INSERT INTO `sys_city_info` VALUES ('130203', '海沧区', '2');
INSERT INTO `sys_city_info` VALUES ('130204', '湖里区', '2');
INSERT INTO `sys_city_info` VALUES ('130205', '集美区', '2');
INSERT INTO `sys_city_info` VALUES ('130206', '同安区', '2');
INSERT INTO `sys_city_info` VALUES ('130207', '翔安区', '2');
INSERT INTO `sys_city_info` VALUES ('1303', '莆田市', '1');
INSERT INTO `sys_city_info` VALUES ('130301', '市辖区', '2');
INSERT INTO `sys_city_info` VALUES ('130302', '城厢区', '2');
INSERT INTO `sys_city_info` VALUES ('130303', '涵江区', '2');
INSERT INTO `sys_city_info` VALUES ('130304', '荔城区', '2');
INSERT INTO `sys_city_info` VALUES ('130305', '秀屿区', '2');
INSERT INTO `sys_city_info` VALUES ('130306', '仙游县', '2');
INSERT INTO `sys_city_info` VALUES ('1304', '三明市', '1');
INSERT INTO `sys_city_info` VALUES ('130401', '市辖区', '2');
INSERT INTO `sys_city_info` VALUES ('130402', '梅列区', '2');
INSERT INTO `sys_city_info` VALUES ('130403', '三元区', '2');
INSERT INTO `sys_city_info` VALUES ('130404', '明溪县', '2');
INSERT INTO `sys_city_info` VALUES ('130405', '清流县', '2');
INSERT INTO `sys_city_info` VALUES ('130406', '宁化县', '2');
INSERT INTO `sys_city_info` VALUES ('130407', '大田县', '2');
INSERT INTO `sys_city_info` VALUES ('130408', '尤溪县', '2');
INSERT INTO `sys_city_info` VALUES ('130409', '沙　县', '2');
INSERT INTO `sys_city_info` VALUES ('130410', '将乐县', '2');
INSERT INTO `sys_city_info` VALUES ('130411', '泰宁县', '2');
INSERT INTO `sys_city_info` VALUES ('130412', '建宁县', '2');
INSERT INTO `sys_city_info` VALUES ('130413', '永安市', '2');
INSERT INTO `sys_city_info` VALUES ('1305', '泉州市', '1');
INSERT INTO `sys_city_info` VALUES ('130501', '市辖区', '2');
INSERT INTO `sys_city_info` VALUES ('130502', '鲤城区', '2');
INSERT INTO `sys_city_info` VALUES ('130503', '丰泽区', '2');
INSERT INTO `sys_city_info` VALUES ('130504', '洛江区', '2');
INSERT INTO `sys_city_info` VALUES ('130505', '泉港区', '2');
INSERT INTO `sys_city_info` VALUES ('130506', '惠安县', '2');
INSERT INTO `sys_city_info` VALUES ('130507', '安溪县', '2');
INSERT INTO `sys_city_info` VALUES ('130508', '永春县', '2');
INSERT INTO `sys_city_info` VALUES ('130509', '德化县', '2');
INSERT INTO `sys_city_info` VALUES ('130510', '金门县', '2');
INSERT INTO `sys_city_info` VALUES ('130511', '石狮市', '2');
INSERT INTO `sys_city_info` VALUES ('130512', '晋江市', '2');
INSERT INTO `sys_city_info` VALUES ('130513', '南安市', '2');
INSERT INTO `sys_city_info` VALUES ('1306', '漳州市', '1');
INSERT INTO `sys_city_info` VALUES ('130601', '市辖区', '2');
INSERT INTO `sys_city_info` VALUES ('130602', '芗城区', '2');
INSERT INTO `sys_city_info` VALUES ('130603', '龙文区', '2');
INSERT INTO `sys_city_info` VALUES ('130604', '云霄县', '2');
INSERT INTO `sys_city_info` VALUES ('130605', '漳浦县', '2');
INSERT INTO `sys_city_info` VALUES ('130606', '诏安县', '2');
INSERT INTO `sys_city_info` VALUES ('130607', '长泰县', '2');
INSERT INTO `sys_city_info` VALUES ('130608', '东山县', '2');
INSERT INTO `sys_city_info` VALUES ('130609', '南靖县', '2');
INSERT INTO `sys_city_info` VALUES ('130610', '平和县', '2');
INSERT INTO `sys_city_info` VALUES ('130611', '华安县', '2');
INSERT INTO `sys_city_info` VALUES ('130612', '龙海市', '2');
INSERT INTO `sys_city_info` VALUES ('1307', '南平市', '1');
INSERT INTO `sys_city_info` VALUES ('130701', '市辖区', '2');
INSERT INTO `sys_city_info` VALUES ('130702', '延平区', '2');
INSERT INTO `sys_city_info` VALUES ('130703', '顺昌县', '2');
INSERT INTO `sys_city_info` VALUES ('130704', '浦城县', '2');
INSERT INTO `sys_city_info` VALUES ('130705', '光泽县', '2');
INSERT INTO `sys_city_info` VALUES ('130706', '松溪县', '2');
INSERT INTO `sys_city_info` VALUES ('130707', '政和县', '2');
INSERT INTO `sys_city_info` VALUES ('130708', '邵武市', '2');
INSERT INTO `sys_city_info` VALUES ('130709', '武夷山市', '2');
INSERT INTO `sys_city_info` VALUES ('130710', '建瓯市', '2');
INSERT INTO `sys_city_info` VALUES ('130711', '建阳市', '2');
INSERT INTO `sys_city_info` VALUES ('1308', '龙岩市', '1');
INSERT INTO `sys_city_info` VALUES ('130801', '市辖区', '2');
INSERT INTO `sys_city_info` VALUES ('130802', '新罗区', '2');
INSERT INTO `sys_city_info` VALUES ('130803', '长汀县', '2');
INSERT INTO `sys_city_info` VALUES ('130804', '永定县', '2');
INSERT INTO `sys_city_info` VALUES ('130805', '上杭县', '2');
INSERT INTO `sys_city_info` VALUES ('130806', '武平县', '2');
INSERT INTO `sys_city_info` VALUES ('130807', '连城县', '2');
INSERT INTO `sys_city_info` VALUES ('130808', '漳平市', '2');
INSERT INTO `sys_city_info` VALUES ('1309', '宁德市', '1');
INSERT INTO `sys_city_info` VALUES ('130901', '市辖区', '2');
INSERT INTO `sys_city_info` VALUES ('130902', '蕉城区', '2');
INSERT INTO `sys_city_info` VALUES ('130903', '霞浦县', '2');
INSERT INTO `sys_city_info` VALUES ('130904', '古田县', '2');
INSERT INTO `sys_city_info` VALUES ('130905', '屏南县', '2');
INSERT INTO `sys_city_info` VALUES ('130906', '寿宁县', '2');
INSERT INTO `sys_city_info` VALUES ('130907', '周宁县', '2');
INSERT INTO `sys_city_info` VALUES ('130908', '柘荣县', '2');
INSERT INTO `sys_city_info` VALUES ('130909', '福安市', '2');
INSERT INTO `sys_city_info` VALUES ('130910', '福鼎市', '2');
INSERT INTO `sys_city_info` VALUES ('14', '江西省', '0');
INSERT INTO `sys_city_info` VALUES ('1401', '南昌市', '1');
INSERT INTO `sys_city_info` VALUES ('140101', '市辖区', '2');
INSERT INTO `sys_city_info` VALUES ('140102', '东湖区', '2');
INSERT INTO `sys_city_info` VALUES ('140103', '西湖区', '2');
INSERT INTO `sys_city_info` VALUES ('140104', '青云谱区', '2');
INSERT INTO `sys_city_info` VALUES ('140105', '湾里区', '2');
INSERT INTO `sys_city_info` VALUES ('140106', '青山湖区', '2');
INSERT INTO `sys_city_info` VALUES ('140107', '南昌县', '2');
INSERT INTO `sys_city_info` VALUES ('140108', '新建县', '2');
INSERT INTO `sys_city_info` VALUES ('140109', '安义县', '2');
INSERT INTO `sys_city_info` VALUES ('140110', '进贤县', '2');
INSERT INTO `sys_city_info` VALUES ('1402', '景德镇市', '1');
INSERT INTO `sys_city_info` VALUES ('140201', '市辖区', '2');
INSERT INTO `sys_city_info` VALUES ('140202', '昌江区', '2');
INSERT INTO `sys_city_info` VALUES ('140203', '珠山区', '2');
INSERT INTO `sys_city_info` VALUES ('140204', '浮梁县', '2');
INSERT INTO `sys_city_info` VALUES ('140205', '乐平市', '2');
INSERT INTO `sys_city_info` VALUES ('1403', '萍乡市', '1');
INSERT INTO `sys_city_info` VALUES ('140301', '市辖区', '2');
INSERT INTO `sys_city_info` VALUES ('140302', '安源区', '2');
INSERT INTO `sys_city_info` VALUES ('140303', '湘东区', '2');
INSERT INTO `sys_city_info` VALUES ('140304', '莲花县', '2');
INSERT INTO `sys_city_info` VALUES ('140305', '上栗县', '2');
INSERT INTO `sys_city_info` VALUES ('140306', '芦溪县', '2');
INSERT INTO `sys_city_info` VALUES ('1404', '九江市', '1');
INSERT INTO `sys_city_info` VALUES ('140401', '市辖区', '2');
INSERT INTO `sys_city_info` VALUES ('140402', '庐山区', '2');
INSERT INTO `sys_city_info` VALUES ('140403', '浔阳区', '2');
INSERT INTO `sys_city_info` VALUES ('140404', '九江县', '2');
INSERT INTO `sys_city_info` VALUES ('140405', '武宁县', '2');
INSERT INTO `sys_city_info` VALUES ('140406', '修水县', '2');
INSERT INTO `sys_city_info` VALUES ('140407', '永修县', '2');
INSERT INTO `sys_city_info` VALUES ('140408', '德安县', '2');
INSERT INTO `sys_city_info` VALUES ('140409', '星子县', '2');
INSERT INTO `sys_city_info` VALUES ('140410', '都昌县', '2');
INSERT INTO `sys_city_info` VALUES ('140411', '湖口县', '2');
INSERT INTO `sys_city_info` VALUES ('140412', '彭泽县', '2');
INSERT INTO `sys_city_info` VALUES ('140413', '瑞昌市', '2');
INSERT INTO `sys_city_info` VALUES ('1405', '新余市', '1');
INSERT INTO `sys_city_info` VALUES ('140501', '市辖区', '2');
INSERT INTO `sys_city_info` VALUES ('140502', '渝水区', '2');
INSERT INTO `sys_city_info` VALUES ('140503', '分宜县', '2');
INSERT INTO `sys_city_info` VALUES ('1406', '鹰潭市', '1');
INSERT INTO `sys_city_info` VALUES ('140601', '市辖区', '2');
INSERT INTO `sys_city_info` VALUES ('140602', '月湖区', '2');
INSERT INTO `sys_city_info` VALUES ('140603', '余江县', '2');
INSERT INTO `sys_city_info` VALUES ('140604', '贵溪市', '2');
INSERT INTO `sys_city_info` VALUES ('1407', '赣州市', '1');
INSERT INTO `sys_city_info` VALUES ('140701', '市辖区', '2');
INSERT INTO `sys_city_info` VALUES ('140702', '章贡区', '2');
INSERT INTO `sys_city_info` VALUES ('140703', '赣　县', '2');
INSERT INTO `sys_city_info` VALUES ('140704', '信丰县', '2');
INSERT INTO `sys_city_info` VALUES ('140705', '大余县', '2');
INSERT INTO `sys_city_info` VALUES ('140706', '上犹县', '2');
INSERT INTO `sys_city_info` VALUES ('140707', '崇义县', '2');
INSERT INTO `sys_city_info` VALUES ('140708', '安远县', '2');
INSERT INTO `sys_city_info` VALUES ('140709', '龙南县', '2');
INSERT INTO `sys_city_info` VALUES ('140710', '定南县', '2');
INSERT INTO `sys_city_info` VALUES ('140711', '全南县', '2');
INSERT INTO `sys_city_info` VALUES ('140712', '宁都县', '2');
INSERT INTO `sys_city_info` VALUES ('140713', '于都县', '2');
INSERT INTO `sys_city_info` VALUES ('140714', '兴国县', '2');
INSERT INTO `sys_city_info` VALUES ('140715', '会昌县', '2');
INSERT INTO `sys_city_info` VALUES ('140716', '寻乌县', '2');
INSERT INTO `sys_city_info` VALUES ('140717', '石城县', '2');
INSERT INTO `sys_city_info` VALUES ('140718', '瑞金市', '2');
INSERT INTO `sys_city_info` VALUES ('140719', '南康市', '2');
INSERT INTO `sys_city_info` VALUES ('1408', '吉安市', '1');
INSERT INTO `sys_city_info` VALUES ('140801', '市辖区', '2');
INSERT INTO `sys_city_info` VALUES ('140802', '吉州区', '2');
INSERT INTO `sys_city_info` VALUES ('140803', '青原区', '2');
INSERT INTO `sys_city_info` VALUES ('140804', '吉安县', '2');
INSERT INTO `sys_city_info` VALUES ('140805', '吉水县', '2');
INSERT INTO `sys_city_info` VALUES ('140806', '峡江县', '2');
INSERT INTO `sys_city_info` VALUES ('140807', '新干县', '2');
INSERT INTO `sys_city_info` VALUES ('140808', '永丰县', '2');
INSERT INTO `sys_city_info` VALUES ('140809', '泰和县', '2');
INSERT INTO `sys_city_info` VALUES ('140810', '遂川县', '2');
INSERT INTO `sys_city_info` VALUES ('140811', '万安县', '2');
INSERT INTO `sys_city_info` VALUES ('140812', '安福县', '2');
INSERT INTO `sys_city_info` VALUES ('140813', '永新县', '2');
INSERT INTO `sys_city_info` VALUES ('140814', '井冈山市', '2');
INSERT INTO `sys_city_info` VALUES ('1409', '宜春市', '1');
INSERT INTO `sys_city_info` VALUES ('140901', '市辖区', '2');
INSERT INTO `sys_city_info` VALUES ('140902', '袁州区', '2');
INSERT INTO `sys_city_info` VALUES ('140903', '奉新县', '2');
INSERT INTO `sys_city_info` VALUES ('140904', '万载县', '2');
INSERT INTO `sys_city_info` VALUES ('140905', '上高县', '2');
INSERT INTO `sys_city_info` VALUES ('140906', '宜丰县', '2');
INSERT INTO `sys_city_info` VALUES ('140907', '靖安县', '2');
INSERT INTO `sys_city_info` VALUES ('140908', '铜鼓县', '2');
INSERT INTO `sys_city_info` VALUES ('140909', '丰城市', '2');
INSERT INTO `sys_city_info` VALUES ('140910', '樟树市', '2');
INSERT INTO `sys_city_info` VALUES ('140911', '高安市', '2');
INSERT INTO `sys_city_info` VALUES ('1410', '抚州市', '1');
INSERT INTO `sys_city_info` VALUES ('141001', '市辖区', '2');
INSERT INTO `sys_city_info` VALUES ('141002', '临川区', '2');
INSERT INTO `sys_city_info` VALUES ('141003', '南城县', '2');
INSERT INTO `sys_city_info` VALUES ('141004', '黎川县', '2');
INSERT INTO `sys_city_info` VALUES ('141005', '南丰县', '2');
INSERT INTO `sys_city_info` VALUES ('141006', '崇仁县', '2');
INSERT INTO `sys_city_info` VALUES ('141007', '乐安县', '2');
INSERT INTO `sys_city_info` VALUES ('141008', '宜黄县', '2');
INSERT INTO `sys_city_info` VALUES ('141009', '金溪县', '2');
INSERT INTO `sys_city_info` VALUES ('141010', '资溪县', '2');
INSERT INTO `sys_city_info` VALUES ('141011', '东乡县', '2');
INSERT INTO `sys_city_info` VALUES ('141012', '广昌县', '2');
INSERT INTO `sys_city_info` VALUES ('1411', '上饶市', '1');
INSERT INTO `sys_city_info` VALUES ('141101', '市辖区', '2');
INSERT INTO `sys_city_info` VALUES ('141102', '信州区', '2');
INSERT INTO `sys_city_info` VALUES ('141103', '上饶县', '2');
INSERT INTO `sys_city_info` VALUES ('141104', '广丰县', '2');
INSERT INTO `sys_city_info` VALUES ('141105', '玉山县', '2');
INSERT INTO `sys_city_info` VALUES ('141106', '铅山县', '2');
INSERT INTO `sys_city_info` VALUES ('141107', '横峰县', '2');
INSERT INTO `sys_city_info` VALUES ('141108', '弋阳县', '2');
INSERT INTO `sys_city_info` VALUES ('141109', '余干县', '2');
INSERT INTO `sys_city_info` VALUES ('141110', '鄱阳县', '2');
INSERT INTO `sys_city_info` VALUES ('141111', '万年县', '2');
INSERT INTO `sys_city_info` VALUES ('141112', '婺源县', '2');
INSERT INTO `sys_city_info` VALUES ('141113', '德兴市', '2');
INSERT INTO `sys_city_info` VALUES ('15', '山东省', '0');
INSERT INTO `sys_city_info` VALUES ('1501', '济南市', '1');
INSERT INTO `sys_city_info` VALUES ('150101', '市辖区', '2');
INSERT INTO `sys_city_info` VALUES ('150102', '历下区', '2');
INSERT INTO `sys_city_info` VALUES ('150103', '市中区', '2');
INSERT INTO `sys_city_info` VALUES ('150104', '槐荫区', '2');
INSERT INTO `sys_city_info` VALUES ('150105', '天桥区', '2');
INSERT INTO `sys_city_info` VALUES ('150106', '历城区', '2');
INSERT INTO `sys_city_info` VALUES ('150107', '长清区', '2');
INSERT INTO `sys_city_info` VALUES ('150108', '平阴县', '2');
INSERT INTO `sys_city_info` VALUES ('150109', '济阳县', '2');
INSERT INTO `sys_city_info` VALUES ('150110', '商河县', '2');
INSERT INTO `sys_city_info` VALUES ('150111', '章丘市', '2');
INSERT INTO `sys_city_info` VALUES ('1502', '青岛市', '1');
INSERT INTO `sys_city_info` VALUES ('150201', '市辖区', '2');
INSERT INTO `sys_city_info` VALUES ('150202', '市南区', '2');
INSERT INTO `sys_city_info` VALUES ('150203', '市北区', '2');
INSERT INTO `sys_city_info` VALUES ('150204', '四方区', '2');
INSERT INTO `sys_city_info` VALUES ('150205', '黄岛区', '2');
INSERT INTO `sys_city_info` VALUES ('150206', '崂山区', '2');
INSERT INTO `sys_city_info` VALUES ('150207', '李沧区', '2');
INSERT INTO `sys_city_info` VALUES ('150208', '城阳区', '2');
INSERT INTO `sys_city_info` VALUES ('150209', '胶州市', '2');
INSERT INTO `sys_city_info` VALUES ('150210', '即墨市', '2');
INSERT INTO `sys_city_info` VALUES ('150211', '平度市', '2');
INSERT INTO `sys_city_info` VALUES ('150212', '胶南市', '2');
INSERT INTO `sys_city_info` VALUES ('150213', '莱西市', '2');
INSERT INTO `sys_city_info` VALUES ('1503', '淄博市', '1');
INSERT INTO `sys_city_info` VALUES ('150301', '市辖区', '2');
INSERT INTO `sys_city_info` VALUES ('150302', '淄川区', '2');
INSERT INTO `sys_city_info` VALUES ('150303', '张店区', '2');
INSERT INTO `sys_city_info` VALUES ('150304', '博山区', '2');
INSERT INTO `sys_city_info` VALUES ('150305', '临淄区', '2');
INSERT INTO `sys_city_info` VALUES ('150306', '周村区', '2');
INSERT INTO `sys_city_info` VALUES ('150307', '桓台县', '2');
INSERT INTO `sys_city_info` VALUES ('150308', '高青县', '2');
INSERT INTO `sys_city_info` VALUES ('150309', '沂源县', '2');
INSERT INTO `sys_city_info` VALUES ('1504', '枣庄市', '1');
INSERT INTO `sys_city_info` VALUES ('150401', '市辖区', '2');
INSERT INTO `sys_city_info` VALUES ('150402', '市中区', '2');
INSERT INTO `sys_city_info` VALUES ('150403', '薛城区', '2');
INSERT INTO `sys_city_info` VALUES ('150404', '峄城区', '2');
INSERT INTO `sys_city_info` VALUES ('150405', '台儿庄区', '2');
INSERT INTO `sys_city_info` VALUES ('150406', '山亭区', '2');
INSERT INTO `sys_city_info` VALUES ('150407', '滕州市', '2');
INSERT INTO `sys_city_info` VALUES ('1505', '东营市', '1');
INSERT INTO `sys_city_info` VALUES ('150501', '市辖区', '2');
INSERT INTO `sys_city_info` VALUES ('150502', '东营区', '2');
INSERT INTO `sys_city_info` VALUES ('150503', '河口区', '2');
INSERT INTO `sys_city_info` VALUES ('150504', '垦利县', '2');
INSERT INTO `sys_city_info` VALUES ('150505', '利津县', '2');
INSERT INTO `sys_city_info` VALUES ('150506', '广饶县', '2');
INSERT INTO `sys_city_info` VALUES ('1506', '烟台市', '1');
INSERT INTO `sys_city_info` VALUES ('150601', '市辖区', '2');
INSERT INTO `sys_city_info` VALUES ('150602', '芝罘区', '2');
INSERT INTO `sys_city_info` VALUES ('150603', '福山区', '2');
INSERT INTO `sys_city_info` VALUES ('150604', '牟平区', '2');
INSERT INTO `sys_city_info` VALUES ('150605', '莱山区', '2');
INSERT INTO `sys_city_info` VALUES ('150606', '长岛县', '2');
INSERT INTO `sys_city_info` VALUES ('150607', '龙口市', '2');
INSERT INTO `sys_city_info` VALUES ('150608', '莱阳市', '2');
INSERT INTO `sys_city_info` VALUES ('150609', '莱州市', '2');
INSERT INTO `sys_city_info` VALUES ('150610', '蓬莱市', '2');
INSERT INTO `sys_city_info` VALUES ('150611', '招远市', '2');
INSERT INTO `sys_city_info` VALUES ('150612', '栖霞市', '2');
INSERT INTO `sys_city_info` VALUES ('150613', '海阳市', '2');
INSERT INTO `sys_city_info` VALUES ('1507', '潍坊市', '1');
INSERT INTO `sys_city_info` VALUES ('150701', '市辖区', '2');
INSERT INTO `sys_city_info` VALUES ('150702', '潍城区', '2');
INSERT INTO `sys_city_info` VALUES ('150703', '寒亭区', '2');
INSERT INTO `sys_city_info` VALUES ('150704', '坊子区', '2');
INSERT INTO `sys_city_info` VALUES ('150705', '奎文区', '2');
INSERT INTO `sys_city_info` VALUES ('150706', '临朐县', '2');
INSERT INTO `sys_city_info` VALUES ('150707', '昌乐县', '2');
INSERT INTO `sys_city_info` VALUES ('150708', '青州市', '2');
INSERT INTO `sys_city_info` VALUES ('150709', '诸城市', '2');
INSERT INTO `sys_city_info` VALUES ('150710', '寿光市', '2');
INSERT INTO `sys_city_info` VALUES ('150711', '安丘市', '2');
INSERT INTO `sys_city_info` VALUES ('150712', '高密市', '2');
INSERT INTO `sys_city_info` VALUES ('150713', '昌邑市', '2');
INSERT INTO `sys_city_info` VALUES ('1508', '济宁市', '1');
INSERT INTO `sys_city_info` VALUES ('150801', '市辖区', '2');
INSERT INTO `sys_city_info` VALUES ('150802', '市中区', '2');
INSERT INTO `sys_city_info` VALUES ('150803', '任城区', '2');
INSERT INTO `sys_city_info` VALUES ('150804', '微山县', '2');
INSERT INTO `sys_city_info` VALUES ('150805', '鱼台县', '2');
INSERT INTO `sys_city_info` VALUES ('150806', '金乡县', '2');
INSERT INTO `sys_city_info` VALUES ('150807', '嘉祥县', '2');
INSERT INTO `sys_city_info` VALUES ('150808', '汶上县', '2');
INSERT INTO `sys_city_info` VALUES ('150809', '泗水县', '2');
INSERT INTO `sys_city_info` VALUES ('150810', '梁山县', '2');
INSERT INTO `sys_city_info` VALUES ('150811', '曲阜市', '2');
INSERT INTO `sys_city_info` VALUES ('150812', '兖州市', '2');
INSERT INTO `sys_city_info` VALUES ('150813', '邹城市', '2');
INSERT INTO `sys_city_info` VALUES ('1509', '泰安市', '1');
INSERT INTO `sys_city_info` VALUES ('150901', '市辖区', '2');
INSERT INTO `sys_city_info` VALUES ('150902', '泰山区', '2');
INSERT INTO `sys_city_info` VALUES ('150903', '岱岳区', '2');
INSERT INTO `sys_city_info` VALUES ('150904', '宁阳县', '2');
INSERT INTO `sys_city_info` VALUES ('150905', '东平县', '2');
INSERT INTO `sys_city_info` VALUES ('150906', '新泰市', '2');
INSERT INTO `sys_city_info` VALUES ('150907', '肥城市', '2');
INSERT INTO `sys_city_info` VALUES ('1510', '威海市', '1');
INSERT INTO `sys_city_info` VALUES ('151001', '市辖区', '2');
INSERT INTO `sys_city_info` VALUES ('151002', '环翠区', '2');
INSERT INTO `sys_city_info` VALUES ('151003', '文登市', '2');
INSERT INTO `sys_city_info` VALUES ('151004', '荣成市', '2');
INSERT INTO `sys_city_info` VALUES ('151005', '乳山市', '2');
INSERT INTO `sys_city_info` VALUES ('1511', '日照市', '1');
INSERT INTO `sys_city_info` VALUES ('151101', '市辖区', '2');
INSERT INTO `sys_city_info` VALUES ('151102', '东港区', '2');
INSERT INTO `sys_city_info` VALUES ('151103', '岚山区', '2');
INSERT INTO `sys_city_info` VALUES ('151104', '五莲县', '2');
INSERT INTO `sys_city_info` VALUES ('151105', '莒　县', '2');
INSERT INTO `sys_city_info` VALUES ('1512', '莱芜市', '1');
INSERT INTO `sys_city_info` VALUES ('151201', '市辖区', '2');
INSERT INTO `sys_city_info` VALUES ('151202', '莱城区', '2');
INSERT INTO `sys_city_info` VALUES ('151203', '钢城区', '2');
INSERT INTO `sys_city_info` VALUES ('1513', '临沂市', '1');
INSERT INTO `sys_city_info` VALUES ('151301', '市辖区', '2');
INSERT INTO `sys_city_info` VALUES ('151302', '兰山区', '2');
INSERT INTO `sys_city_info` VALUES ('151303', '罗庄区', '2');
INSERT INTO `sys_city_info` VALUES ('151304', '河东区', '2');
INSERT INTO `sys_city_info` VALUES ('151305', '沂南县', '2');
INSERT INTO `sys_city_info` VALUES ('151306', '郯城县', '2');
INSERT INTO `sys_city_info` VALUES ('151307', '沂水县', '2');
INSERT INTO `sys_city_info` VALUES ('151308', '苍山县', '2');
INSERT INTO `sys_city_info` VALUES ('151309', '费　县', '2');
INSERT INTO `sys_city_info` VALUES ('151310', '平邑县', '2');
INSERT INTO `sys_city_info` VALUES ('151311', '莒南县', '2');
INSERT INTO `sys_city_info` VALUES ('151312', '蒙阴县', '2');
INSERT INTO `sys_city_info` VALUES ('151313', '临沭县', '2');
INSERT INTO `sys_city_info` VALUES ('1514', '德州市', '1');
INSERT INTO `sys_city_info` VALUES ('151401', '市辖区', '2');
INSERT INTO `sys_city_info` VALUES ('151402', '德城区', '2');
INSERT INTO `sys_city_info` VALUES ('151403', '陵　县', '2');
INSERT INTO `sys_city_info` VALUES ('151404', '宁津县', '2');
INSERT INTO `sys_city_info` VALUES ('151405', '庆云县', '2');
INSERT INTO `sys_city_info` VALUES ('151406', '临邑县', '2');
INSERT INTO `sys_city_info` VALUES ('151407', '齐河县', '2');
INSERT INTO `sys_city_info` VALUES ('151408', '平原县', '2');
INSERT INTO `sys_city_info` VALUES ('151409', '夏津县', '2');
INSERT INTO `sys_city_info` VALUES ('151410', '武城县', '2');
INSERT INTO `sys_city_info` VALUES ('151411', '乐陵市', '2');
INSERT INTO `sys_city_info` VALUES ('151412', '禹城市', '2');
INSERT INTO `sys_city_info` VALUES ('1515', '聊城市', '1');
INSERT INTO `sys_city_info` VALUES ('151501', '市辖区', '2');
INSERT INTO `sys_city_info` VALUES ('151502', '东昌府区', '2');
INSERT INTO `sys_city_info` VALUES ('151503', '阳谷县', '2');
INSERT INTO `sys_city_info` VALUES ('151504', '莘　县', '2');
INSERT INTO `sys_city_info` VALUES ('151505', '茌平县', '2');
INSERT INTO `sys_city_info` VALUES ('151506', '东阿县', '2');
INSERT INTO `sys_city_info` VALUES ('151507', '冠　县', '2');
INSERT INTO `sys_city_info` VALUES ('151508', '高唐县', '2');
INSERT INTO `sys_city_info` VALUES ('151509', '临清市', '2');
INSERT INTO `sys_city_info` VALUES ('1516', '滨州市', '1');
INSERT INTO `sys_city_info` VALUES ('151601', '市辖区', '2');
INSERT INTO `sys_city_info` VALUES ('151602', '滨城区', '2');
INSERT INTO `sys_city_info` VALUES ('151603', '惠民县', '2');
INSERT INTO `sys_city_info` VALUES ('151604', '阳信县', '2');
INSERT INTO `sys_city_info` VALUES ('151605', '无棣县', '2');
INSERT INTO `sys_city_info` VALUES ('151606', '沾化县', '2');
INSERT INTO `sys_city_info` VALUES ('151607', '博兴县', '2');
INSERT INTO `sys_city_info` VALUES ('151608', '邹平县', '2');
INSERT INTO `sys_city_info` VALUES ('1517', '荷泽市', '1');
INSERT INTO `sys_city_info` VALUES ('151701', '市辖区', '2');
INSERT INTO `sys_city_info` VALUES ('151702', '牡丹区', '2');
INSERT INTO `sys_city_info` VALUES ('151703', '曹　县', '2');
INSERT INTO `sys_city_info` VALUES ('151704', '单　县', '2');
INSERT INTO `sys_city_info` VALUES ('151705', '成武县', '2');
INSERT INTO `sys_city_info` VALUES ('151706', '巨野县', '2');
INSERT INTO `sys_city_info` VALUES ('151707', '郓城县', '2');
INSERT INTO `sys_city_info` VALUES ('151708', '鄄城县', '2');
INSERT INTO `sys_city_info` VALUES ('151709', '定陶县', '2');
INSERT INTO `sys_city_info` VALUES ('151710', '东明县', '2');
INSERT INTO `sys_city_info` VALUES ('16', '河南省', '0');
INSERT INTO `sys_city_info` VALUES ('1601', '郑州市', '1');
INSERT INTO `sys_city_info` VALUES ('160101', '市辖区', '2');
INSERT INTO `sys_city_info` VALUES ('160102', '中原区', '2');
INSERT INTO `sys_city_info` VALUES ('160103', '二七区', '2');
INSERT INTO `sys_city_info` VALUES ('160104', '管城回族区', '2');
INSERT INTO `sys_city_info` VALUES ('160105', '金水区', '2');
INSERT INTO `sys_city_info` VALUES ('160106', '上街区', '2');
INSERT INTO `sys_city_info` VALUES ('160107', '邙山区', '2');
INSERT INTO `sys_city_info` VALUES ('160108', '中牟县', '2');
INSERT INTO `sys_city_info` VALUES ('160109', '巩义市', '2');
INSERT INTO `sys_city_info` VALUES ('160110', '荥阳市', '2');
INSERT INTO `sys_city_info` VALUES ('160111', '新密市', '2');
INSERT INTO `sys_city_info` VALUES ('160112', '新郑市', '2');
INSERT INTO `sys_city_info` VALUES ('160113', '登封市', '2');
INSERT INTO `sys_city_info` VALUES ('1602', '开封市', '1');
INSERT INTO `sys_city_info` VALUES ('160201', '市辖区', '2');
INSERT INTO `sys_city_info` VALUES ('160202', '龙亭区', '2');
INSERT INTO `sys_city_info` VALUES ('160203', '顺河回族区', '2');
INSERT INTO `sys_city_info` VALUES ('160204', '鼓楼区', '2');
INSERT INTO `sys_city_info` VALUES ('160205', '南关区', '2');
INSERT INTO `sys_city_info` VALUES ('160206', '郊　区', '2');
INSERT INTO `sys_city_info` VALUES ('160207', '杞　县', '2');
INSERT INTO `sys_city_info` VALUES ('160208', '通许县', '2');
INSERT INTO `sys_city_info` VALUES ('160209', '尉氏县', '2');
INSERT INTO `sys_city_info` VALUES ('160210', '开封县', '2');
INSERT INTO `sys_city_info` VALUES ('160211', '兰考县', '2');
INSERT INTO `sys_city_info` VALUES ('1603', '洛阳市', '1');
INSERT INTO `sys_city_info` VALUES ('160301', '市辖区', '2');
INSERT INTO `sys_city_info` VALUES ('160302', '老城区', '2');
INSERT INTO `sys_city_info` VALUES ('160303', '西工区', '2');
INSERT INTO `sys_city_info` VALUES ('160304', '廛河回族区', '2');
INSERT INTO `sys_city_info` VALUES ('160305', '涧西区', '2');
INSERT INTO `sys_city_info` VALUES ('160306', '吉利区', '2');
INSERT INTO `sys_city_info` VALUES ('160307', '洛龙区', '2');
INSERT INTO `sys_city_info` VALUES ('160308', '孟津县', '2');
INSERT INTO `sys_city_info` VALUES ('160309', '新安县', '2');
INSERT INTO `sys_city_info` VALUES ('160310', '栾川县', '2');
INSERT INTO `sys_city_info` VALUES ('160311', '嵩　县', '2');
INSERT INTO `sys_city_info` VALUES ('160312', '汝阳县', '2');
INSERT INTO `sys_city_info` VALUES ('160313', '宜阳县', '2');
INSERT INTO `sys_city_info` VALUES ('160314', '洛宁县', '2');
INSERT INTO `sys_city_info` VALUES ('160315', '伊川县', '2');
INSERT INTO `sys_city_info` VALUES ('160316', '偃师市', '2');
INSERT INTO `sys_city_info` VALUES ('1604', '平顶山市', '1');
INSERT INTO `sys_city_info` VALUES ('160401', '市辖区', '2');
INSERT INTO `sys_city_info` VALUES ('160402', '新华区', '2');
INSERT INTO `sys_city_info` VALUES ('160403', '卫东区', '2');
INSERT INTO `sys_city_info` VALUES ('160404', '石龙区', '2');
INSERT INTO `sys_city_info` VALUES ('160405', '湛河区', '2');
INSERT INTO `sys_city_info` VALUES ('160406', '宝丰县', '2');
INSERT INTO `sys_city_info` VALUES ('160407', '叶　县', '2');
INSERT INTO `sys_city_info` VALUES ('160408', '鲁山县', '2');
INSERT INTO `sys_city_info` VALUES ('160409', '郏　县', '2');
INSERT INTO `sys_city_info` VALUES ('160410', '舞钢市', '2');
INSERT INTO `sys_city_info` VALUES ('160411', '汝州市', '2');
INSERT INTO `sys_city_info` VALUES ('1605', '安阳市', '1');
INSERT INTO `sys_city_info` VALUES ('160501', '市辖区', '2');
INSERT INTO `sys_city_info` VALUES ('160502', '文峰区', '2');
INSERT INTO `sys_city_info` VALUES ('160503', '北关区', '2');
INSERT INTO `sys_city_info` VALUES ('160504', '殷都区', '2');
INSERT INTO `sys_city_info` VALUES ('160505', '龙安区', '2');
INSERT INTO `sys_city_info` VALUES ('160506', '安阳县', '2');
INSERT INTO `sys_city_info` VALUES ('160507', '汤阴县', '2');
INSERT INTO `sys_city_info` VALUES ('160508', '滑　县', '2');
INSERT INTO `sys_city_info` VALUES ('160509', '内黄县', '2');
INSERT INTO `sys_city_info` VALUES ('160510', '林州市', '2');
INSERT INTO `sys_city_info` VALUES ('1606', '鹤壁市', '1');
INSERT INTO `sys_city_info` VALUES ('160601', '市辖区', '2');
INSERT INTO `sys_city_info` VALUES ('160602', '鹤山区', '2');
INSERT INTO `sys_city_info` VALUES ('160603', '山城区', '2');
INSERT INTO `sys_city_info` VALUES ('160604', '淇滨区', '2');
INSERT INTO `sys_city_info` VALUES ('160605', '浚　县', '2');
INSERT INTO `sys_city_info` VALUES ('160606', '淇　县', '2');
INSERT INTO `sys_city_info` VALUES ('1607', '新乡市', '1');
INSERT INTO `sys_city_info` VALUES ('160701', '市辖区', '2');
INSERT INTO `sys_city_info` VALUES ('160702', '红旗区', '2');
INSERT INTO `sys_city_info` VALUES ('160703', '卫滨区', '2');
INSERT INTO `sys_city_info` VALUES ('160704', '凤泉区', '2');
INSERT INTO `sys_city_info` VALUES ('160705', '牧野区', '2');
INSERT INTO `sys_city_info` VALUES ('160706', '新乡县', '2');
INSERT INTO `sys_city_info` VALUES ('160707', '获嘉县', '2');
INSERT INTO `sys_city_info` VALUES ('160708', '原阳县', '2');
INSERT INTO `sys_city_info` VALUES ('160709', '延津县', '2');
INSERT INTO `sys_city_info` VALUES ('160710', '封丘县', '2');
INSERT INTO `sys_city_info` VALUES ('160711', '长垣县', '2');
INSERT INTO `sys_city_info` VALUES ('160712', '卫辉市', '2');
INSERT INTO `sys_city_info` VALUES ('160713', '辉县市', '2');
INSERT INTO `sys_city_info` VALUES ('1608', '焦作市', '1');
INSERT INTO `sys_city_info` VALUES ('160801', '市辖区', '2');
INSERT INTO `sys_city_info` VALUES ('160802', '解放区', '2');
INSERT INTO `sys_city_info` VALUES ('160803', '中站区', '2');
INSERT INTO `sys_city_info` VALUES ('160804', '马村区', '2');
INSERT INTO `sys_city_info` VALUES ('160805', '山阳区', '2');
INSERT INTO `sys_city_info` VALUES ('160806', '修武县', '2');
INSERT INTO `sys_city_info` VALUES ('160807', '博爱县', '2');
INSERT INTO `sys_city_info` VALUES ('160808', '武陟县', '2');
INSERT INTO `sys_city_info` VALUES ('160809', '温　县', '2');
INSERT INTO `sys_city_info` VALUES ('160810', '济源市', '2');
INSERT INTO `sys_city_info` VALUES ('160811', '沁阳市', '2');
INSERT INTO `sys_city_info` VALUES ('160812', '孟州市', '2');
INSERT INTO `sys_city_info` VALUES ('1609', '濮阳市', '1');
INSERT INTO `sys_city_info` VALUES ('160901', '市辖区', '2');
INSERT INTO `sys_city_info` VALUES ('160902', '华龙区', '2');
INSERT INTO `sys_city_info` VALUES ('160903', '清丰县', '2');
INSERT INTO `sys_city_info` VALUES ('160904', '南乐县', '2');
INSERT INTO `sys_city_info` VALUES ('160905', '范　县', '2');
INSERT INTO `sys_city_info` VALUES ('160906', '台前县', '2');
INSERT INTO `sys_city_info` VALUES ('160907', '濮阳县', '2');
INSERT INTO `sys_city_info` VALUES ('1610', '许昌市', '1');
INSERT INTO `sys_city_info` VALUES ('161001', '市辖区', '2');
INSERT INTO `sys_city_info` VALUES ('161002', '魏都区', '2');
INSERT INTO `sys_city_info` VALUES ('161003', '许昌县', '2');
INSERT INTO `sys_city_info` VALUES ('161004', '鄢陵县', '2');
INSERT INTO `sys_city_info` VALUES ('161005', '襄城县', '2');
INSERT INTO `sys_city_info` VALUES ('161006', '禹州市', '2');
INSERT INTO `sys_city_info` VALUES ('161007', '长葛市', '2');
INSERT INTO `sys_city_info` VALUES ('1611', '漯河市', '1');
INSERT INTO `sys_city_info` VALUES ('161101', '市辖区', '2');
INSERT INTO `sys_city_info` VALUES ('161102', '源汇区', '2');
INSERT INTO `sys_city_info` VALUES ('161103', '郾城区', '2');
INSERT INTO `sys_city_info` VALUES ('161104', '召陵区', '2');
INSERT INTO `sys_city_info` VALUES ('161105', '舞阳县', '2');
INSERT INTO `sys_city_info` VALUES ('161106', '临颍县', '2');
INSERT INTO `sys_city_info` VALUES ('1612', '三门峡市', '1');
INSERT INTO `sys_city_info` VALUES ('161201', '市辖区', '2');
INSERT INTO `sys_city_info` VALUES ('161202', '湖滨区', '2');
INSERT INTO `sys_city_info` VALUES ('161203', '渑池县', '2');
INSERT INTO `sys_city_info` VALUES ('161204', '陕　县', '2');
INSERT INTO `sys_city_info` VALUES ('161205', '卢氏县', '2');
INSERT INTO `sys_city_info` VALUES ('161206', '义马市', '2');
INSERT INTO `sys_city_info` VALUES ('161207', '灵宝市', '2');
INSERT INTO `sys_city_info` VALUES ('1613', '南阳市', '1');
INSERT INTO `sys_city_info` VALUES ('161301', '市辖区', '2');
INSERT INTO `sys_city_info` VALUES ('161302', '宛城区', '2');
INSERT INTO `sys_city_info` VALUES ('161303', '卧龙区', '2');
INSERT INTO `sys_city_info` VALUES ('161304', '南召县', '2');
INSERT INTO `sys_city_info` VALUES ('161305', '方城县', '2');
INSERT INTO `sys_city_info` VALUES ('161306', '西峡县', '2');
INSERT INTO `sys_city_info` VALUES ('161307', '镇平县', '2');
INSERT INTO `sys_city_info` VALUES ('161308', '内乡县', '2');
INSERT INTO `sys_city_info` VALUES ('161309', '淅川县', '2');
INSERT INTO `sys_city_info` VALUES ('161310', '社旗县', '2');
INSERT INTO `sys_city_info` VALUES ('161311', '唐河县', '2');
INSERT INTO `sys_city_info` VALUES ('161312', '新野县', '2');
INSERT INTO `sys_city_info` VALUES ('161313', '桐柏县', '2');
INSERT INTO `sys_city_info` VALUES ('161314', '邓州市', '2');
INSERT INTO `sys_city_info` VALUES ('1614', '商丘市', '1');
INSERT INTO `sys_city_info` VALUES ('161401', '市辖区', '2');
INSERT INTO `sys_city_info` VALUES ('161402', '梁园区', '2');
INSERT INTO `sys_city_info` VALUES ('161403', '睢阳区', '2');
INSERT INTO `sys_city_info` VALUES ('161404', '民权县', '2');
INSERT INTO `sys_city_info` VALUES ('161405', '睢　县', '2');
INSERT INTO `sys_city_info` VALUES ('161406', '宁陵县', '2');
INSERT INTO `sys_city_info` VALUES ('161407', '柘城县', '2');
INSERT INTO `sys_city_info` VALUES ('161408', '虞城县', '2');
INSERT INTO `sys_city_info` VALUES ('161409', '夏邑县', '2');
INSERT INTO `sys_city_info` VALUES ('161410', '永城市', '2');
INSERT INTO `sys_city_info` VALUES ('1615', '信阳市', '1');
INSERT INTO `sys_city_info` VALUES ('161501', '市辖区', '2');
INSERT INTO `sys_city_info` VALUES ('161502', '师河区', '2');
INSERT INTO `sys_city_info` VALUES ('161503', '平桥区', '2');
INSERT INTO `sys_city_info` VALUES ('161504', '罗山县', '2');
INSERT INTO `sys_city_info` VALUES ('161505', '光山县', '2');
INSERT INTO `sys_city_info` VALUES ('161506', '新　县', '2');
INSERT INTO `sys_city_info` VALUES ('161507', '商城县', '2');
INSERT INTO `sys_city_info` VALUES ('161508', '固始县', '2');
INSERT INTO `sys_city_info` VALUES ('161509', '潢川县', '2');
INSERT INTO `sys_city_info` VALUES ('161510', '淮滨县', '2');
INSERT INTO `sys_city_info` VALUES ('161511', '息　县', '2');
INSERT INTO `sys_city_info` VALUES ('1616', '周口市', '1');
INSERT INTO `sys_city_info` VALUES ('161601', '市辖区', '2');
INSERT INTO `sys_city_info` VALUES ('161602', '川汇区', '2');
INSERT INTO `sys_city_info` VALUES ('161603', '扶沟县', '2');
INSERT INTO `sys_city_info` VALUES ('161604', '西华县', '2');
INSERT INTO `sys_city_info` VALUES ('161605', '商水县', '2');
INSERT INTO `sys_city_info` VALUES ('161606', '沈丘县', '2');
INSERT INTO `sys_city_info` VALUES ('161607', '郸城县', '2');
INSERT INTO `sys_city_info` VALUES ('161608', '淮阳县', '2');
INSERT INTO `sys_city_info` VALUES ('161609', '太康县', '2');
INSERT INTO `sys_city_info` VALUES ('161610', '鹿邑县', '2');
INSERT INTO `sys_city_info` VALUES ('161611', '项城市', '2');
INSERT INTO `sys_city_info` VALUES ('1617', '驻马店市', '1');
INSERT INTO `sys_city_info` VALUES ('161701', '市辖区', '2');
INSERT INTO `sys_city_info` VALUES ('161702', '驿城区', '2');
INSERT INTO `sys_city_info` VALUES ('161703', '西平县', '2');
INSERT INTO `sys_city_info` VALUES ('161704', '上蔡县', '2');
INSERT INTO `sys_city_info` VALUES ('161705', '平舆县', '2');
INSERT INTO `sys_city_info` VALUES ('161706', '正阳县', '2');
INSERT INTO `sys_city_info` VALUES ('161707', '确山县', '2');
INSERT INTO `sys_city_info` VALUES ('161708', '泌阳县', '2');
INSERT INTO `sys_city_info` VALUES ('161709', '汝南县', '2');
INSERT INTO `sys_city_info` VALUES ('161710', '遂平县', '2');
INSERT INTO `sys_city_info` VALUES ('161711', '新蔡县', '2');
INSERT INTO `sys_city_info` VALUES ('17', '湖北省', '0');
INSERT INTO `sys_city_info` VALUES ('1701', '武汉市', '1');
INSERT INTO `sys_city_info` VALUES ('170101', '市辖区', '2');
INSERT INTO `sys_city_info` VALUES ('170102', '江岸区', '2');
INSERT INTO `sys_city_info` VALUES ('170103', '江汉区', '2');
INSERT INTO `sys_city_info` VALUES ('170104', '乔口区', '2');
INSERT INTO `sys_city_info` VALUES ('170105', '汉阳区', '2');
INSERT INTO `sys_city_info` VALUES ('170106', '武昌区', '2');
INSERT INTO `sys_city_info` VALUES ('170107', '青山区', '2');
INSERT INTO `sys_city_info` VALUES ('170108', '洪山区', '2');
INSERT INTO `sys_city_info` VALUES ('170109', '东西湖区', '2');
INSERT INTO `sys_city_info` VALUES ('170110', '汉南区', '2');
INSERT INTO `sys_city_info` VALUES ('170111', '蔡甸区', '2');
INSERT INTO `sys_city_info` VALUES ('170112', '江夏区', '2');
INSERT INTO `sys_city_info` VALUES ('170113', '黄陂区', '2');
INSERT INTO `sys_city_info` VALUES ('170114', '新洲区', '2');
INSERT INTO `sys_city_info` VALUES ('1702', '黄石市', '1');
INSERT INTO `sys_city_info` VALUES ('170201', '市辖区', '2');
INSERT INTO `sys_city_info` VALUES ('170202', '黄石港区', '2');
INSERT INTO `sys_city_info` VALUES ('170203', '西塞山区', '2');
INSERT INTO `sys_city_info` VALUES ('170204', '下陆区', '2');
INSERT INTO `sys_city_info` VALUES ('170205', '铁山区', '2');
INSERT INTO `sys_city_info` VALUES ('170206', '阳新县', '2');
INSERT INTO `sys_city_info` VALUES ('170207', '大冶市', '2');
INSERT INTO `sys_city_info` VALUES ('1703', '十堰市', '1');
INSERT INTO `sys_city_info` VALUES ('170301', '市辖区', '2');
INSERT INTO `sys_city_info` VALUES ('170302', '茅箭区', '2');
INSERT INTO `sys_city_info` VALUES ('170303', '张湾区', '2');
INSERT INTO `sys_city_info` VALUES ('170304', '郧　县', '2');
INSERT INTO `sys_city_info` VALUES ('170305', '郧西县', '2');
INSERT INTO `sys_city_info` VALUES ('170306', '竹山县', '2');
INSERT INTO `sys_city_info` VALUES ('170307', '竹溪县', '2');
INSERT INTO `sys_city_info` VALUES ('170308', '房　县', '2');
INSERT INTO `sys_city_info` VALUES ('170309', '丹江口市', '2');
INSERT INTO `sys_city_info` VALUES ('1704', '宜昌市', '1');
INSERT INTO `sys_city_info` VALUES ('170401', '市辖区', '2');
INSERT INTO `sys_city_info` VALUES ('170402', '西陵区', '2');
INSERT INTO `sys_city_info` VALUES ('170403', '伍家岗区', '2');
INSERT INTO `sys_city_info` VALUES ('170404', '点军区', '2');
INSERT INTO `sys_city_info` VALUES ('170405', '猇亭区', '2');
INSERT INTO `sys_city_info` VALUES ('170406', '夷陵区', '2');
INSERT INTO `sys_city_info` VALUES ('170407', '远安县', '2');
INSERT INTO `sys_city_info` VALUES ('170408', '兴山县', '2');
INSERT INTO `sys_city_info` VALUES ('170409', '秭归县', '2');
INSERT INTO `sys_city_info` VALUES ('170410', '长阳土家族自治县', '2');
INSERT INTO `sys_city_info` VALUES ('170411', '五峰土家族自治县', '2');
INSERT INTO `sys_city_info` VALUES ('170412', '宜都市', '2');
INSERT INTO `sys_city_info` VALUES ('170413', '当阳市', '2');
INSERT INTO `sys_city_info` VALUES ('170414', '枝江市', '2');
INSERT INTO `sys_city_info` VALUES ('1705', '襄樊市', '1');
INSERT INTO `sys_city_info` VALUES ('170501', '市辖区', '2');
INSERT INTO `sys_city_info` VALUES ('170502', '襄城区', '2');
INSERT INTO `sys_city_info` VALUES ('170503', '樊城区', '2');
INSERT INTO `sys_city_info` VALUES ('170504', '襄阳区', '2');
INSERT INTO `sys_city_info` VALUES ('170505', '南漳县', '2');
INSERT INTO `sys_city_info` VALUES ('170506', '谷城县', '2');
INSERT INTO `sys_city_info` VALUES ('170507', '保康县', '2');
INSERT INTO `sys_city_info` VALUES ('170508', '老河口市', '2');
INSERT INTO `sys_city_info` VALUES ('170509', '枣阳市', '2');
INSERT INTO `sys_city_info` VALUES ('170510', '宜城市', '2');
INSERT INTO `sys_city_info` VALUES ('1706', '鄂州市', '1');
INSERT INTO `sys_city_info` VALUES ('170601', '市辖区', '2');
INSERT INTO `sys_city_info` VALUES ('170602', '梁子湖区', '2');
INSERT INTO `sys_city_info` VALUES ('170603', '华容区', '2');
INSERT INTO `sys_city_info` VALUES ('170604', '鄂城区', '2');
INSERT INTO `sys_city_info` VALUES ('1707', '荆门市', '1');
INSERT INTO `sys_city_info` VALUES ('170701', '市辖区', '2');
INSERT INTO `sys_city_info` VALUES ('170702', '东宝区', '2');
INSERT INTO `sys_city_info` VALUES ('170703', '掇刀区', '2');
INSERT INTO `sys_city_info` VALUES ('170704', '京山县', '2');
INSERT INTO `sys_city_info` VALUES ('170705', '沙洋县', '2');
INSERT INTO `sys_city_info` VALUES ('170706', '钟祥市', '2');
INSERT INTO `sys_city_info` VALUES ('1708', '孝感市', '1');
INSERT INTO `sys_city_info` VALUES ('170801', '市辖区', '2');
INSERT INTO `sys_city_info` VALUES ('170802', '孝南区', '2');
INSERT INTO `sys_city_info` VALUES ('170803', '孝昌县', '2');
INSERT INTO `sys_city_info` VALUES ('170804', '大悟县', '2');
INSERT INTO `sys_city_info` VALUES ('170805', '云梦县', '2');
INSERT INTO `sys_city_info` VALUES ('170806', '应城市', '2');
INSERT INTO `sys_city_info` VALUES ('170807', '安陆市', '2');
INSERT INTO `sys_city_info` VALUES ('170808', '汉川市', '2');
INSERT INTO `sys_city_info` VALUES ('1709', '荆州市', '1');
INSERT INTO `sys_city_info` VALUES ('170901', '市辖区', '2');
INSERT INTO `sys_city_info` VALUES ('170902', '沙市区', '2');
INSERT INTO `sys_city_info` VALUES ('170903', '荆州区', '2');
INSERT INTO `sys_city_info` VALUES ('170904', '公安县', '2');
INSERT INTO `sys_city_info` VALUES ('170905', '监利县', '2');
INSERT INTO `sys_city_info` VALUES ('170906', '江陵县', '2');
INSERT INTO `sys_city_info` VALUES ('170907', '石首市', '2');
INSERT INTO `sys_city_info` VALUES ('170908', '洪湖市', '2');
INSERT INTO `sys_city_info` VALUES ('170909', '松滋市', '2');
INSERT INTO `sys_city_info` VALUES ('1710', '黄冈市', '1');
INSERT INTO `sys_city_info` VALUES ('171001', '市辖区', '2');
INSERT INTO `sys_city_info` VALUES ('171002', '黄州区', '2');
INSERT INTO `sys_city_info` VALUES ('171003', '团风县', '2');
INSERT INTO `sys_city_info` VALUES ('171004', '红安县', '2');
INSERT INTO `sys_city_info` VALUES ('171005', '罗田县', '2');
INSERT INTO `sys_city_info` VALUES ('171006', '英山县', '2');
INSERT INTO `sys_city_info` VALUES ('171007', '浠水县', '2');
INSERT INTO `sys_city_info` VALUES ('171008', '蕲春县', '2');
INSERT INTO `sys_city_info` VALUES ('171009', '黄梅县', '2');
INSERT INTO `sys_city_info` VALUES ('171010', '麻城市', '2');
INSERT INTO `sys_city_info` VALUES ('171011', '武穴市', '2');
INSERT INTO `sys_city_info` VALUES ('1711', '咸宁市', '1');
INSERT INTO `sys_city_info` VALUES ('171101', '市辖区', '2');
INSERT INTO `sys_city_info` VALUES ('171102', '咸安区', '2');
INSERT INTO `sys_city_info` VALUES ('171103', '嘉鱼县', '2');
INSERT INTO `sys_city_info` VALUES ('171104', '通城县', '2');
INSERT INTO `sys_city_info` VALUES ('171105', '崇阳县', '2');
INSERT INTO `sys_city_info` VALUES ('171106', '通山县', '2');
INSERT INTO `sys_city_info` VALUES ('171107', '赤壁市', '2');
INSERT INTO `sys_city_info` VALUES ('1712', '随州市', '1');
INSERT INTO `sys_city_info` VALUES ('171201', '市辖区', '2');
INSERT INTO `sys_city_info` VALUES ('171202', '曾都区', '2');
INSERT INTO `sys_city_info` VALUES ('171203', '广水市', '2');
INSERT INTO `sys_city_info` VALUES ('1713', '恩施土家族苗族自治州', '1');
INSERT INTO `sys_city_info` VALUES ('171301', '恩施市', '2');
INSERT INTO `sys_city_info` VALUES ('171302', '利川市', '2');
INSERT INTO `sys_city_info` VALUES ('171303', '建始县', '2');
INSERT INTO `sys_city_info` VALUES ('171304', '巴东县', '2');
INSERT INTO `sys_city_info` VALUES ('171305', '宣恩县', '2');
INSERT INTO `sys_city_info` VALUES ('171306', '咸丰县', '2');
INSERT INTO `sys_city_info` VALUES ('171307', '来凤县', '2');
INSERT INTO `sys_city_info` VALUES ('171308', '鹤峰县', '2');
INSERT INTO `sys_city_info` VALUES ('1714', '省直辖行政单位', '1');
INSERT INTO `sys_city_info` VALUES ('171401', '仙桃市', '2');
INSERT INTO `sys_city_info` VALUES ('171402', '潜江市', '2');
INSERT INTO `sys_city_info` VALUES ('171403', '天门市', '2');
INSERT INTO `sys_city_info` VALUES ('171404', '神农架林区', '2');
INSERT INTO `sys_city_info` VALUES ('18', '湖南省', '0');
INSERT INTO `sys_city_info` VALUES ('1801', '长沙市', '1');
INSERT INTO `sys_city_info` VALUES ('180101', '市辖区', '2');
INSERT INTO `sys_city_info` VALUES ('180102', '芙蓉区', '2');
INSERT INTO `sys_city_info` VALUES ('180103', '天心区', '2');
INSERT INTO `sys_city_info` VALUES ('180104', '岳麓区', '2');
INSERT INTO `sys_city_info` VALUES ('180105', '开福区', '2');
INSERT INTO `sys_city_info` VALUES ('180106', '雨花区', '2');
INSERT INTO `sys_city_info` VALUES ('180107', '长沙县', '2');
INSERT INTO `sys_city_info` VALUES ('180108', '望城县', '2');
INSERT INTO `sys_city_info` VALUES ('180109', '宁乡县', '2');
INSERT INTO `sys_city_info` VALUES ('180110', '浏阳市', '2');
INSERT INTO `sys_city_info` VALUES ('1802', '株洲市', '1');
INSERT INTO `sys_city_info` VALUES ('180201', '市辖区', '2');
INSERT INTO `sys_city_info` VALUES ('180202', '荷塘区', '2');
INSERT INTO `sys_city_info` VALUES ('180203', '芦淞区', '2');
INSERT INTO `sys_city_info` VALUES ('180204', '石峰区', '2');
INSERT INTO `sys_city_info` VALUES ('180205', '天元区', '2');
INSERT INTO `sys_city_info` VALUES ('180206', '株洲县', '2');
INSERT INTO `sys_city_info` VALUES ('180207', '攸　县', '2');
INSERT INTO `sys_city_info` VALUES ('180208', '茶陵县', '2');
INSERT INTO `sys_city_info` VALUES ('180209', '炎陵县', '2');
INSERT INTO `sys_city_info` VALUES ('180210', '醴陵市', '2');
INSERT INTO `sys_city_info` VALUES ('1803', '湘潭市', '1');
INSERT INTO `sys_city_info` VALUES ('180301', '市辖区', '2');
INSERT INTO `sys_city_info` VALUES ('180302', '雨湖区', '2');
INSERT INTO `sys_city_info` VALUES ('180303', '岳塘区', '2');
INSERT INTO `sys_city_info` VALUES ('180304', '湘潭县', '2');
INSERT INTO `sys_city_info` VALUES ('180305', '湘乡市', '2');
INSERT INTO `sys_city_info` VALUES ('180306', '韶山市', '2');
INSERT INTO `sys_city_info` VALUES ('1804', '衡阳市', '1');
INSERT INTO `sys_city_info` VALUES ('180401', '市辖区', '2');
INSERT INTO `sys_city_info` VALUES ('180402', '珠晖区', '2');
INSERT INTO `sys_city_info` VALUES ('180403', '雁峰区', '2');
INSERT INTO `sys_city_info` VALUES ('180404', '石鼓区', '2');
INSERT INTO `sys_city_info` VALUES ('180405', '蒸湘区', '2');
INSERT INTO `sys_city_info` VALUES ('180406', '南岳区', '2');
INSERT INTO `sys_city_info` VALUES ('180407', '衡阳县', '2');
INSERT INTO `sys_city_info` VALUES ('180408', '衡南县', '2');
INSERT INTO `sys_city_info` VALUES ('180409', '衡山县', '2');
INSERT INTO `sys_city_info` VALUES ('180410', '衡东县', '2');
INSERT INTO `sys_city_info` VALUES ('180411', '祁东县', '2');
INSERT INTO `sys_city_info` VALUES ('180412', '耒阳市', '2');
INSERT INTO `sys_city_info` VALUES ('180413', '常宁市', '2');
INSERT INTO `sys_city_info` VALUES ('1805', '邵阳市', '1');
INSERT INTO `sys_city_info` VALUES ('180501', '市辖区', '2');
INSERT INTO `sys_city_info` VALUES ('180502', '双清区', '2');
INSERT INTO `sys_city_info` VALUES ('180503', '大祥区', '2');
INSERT INTO `sys_city_info` VALUES ('180504', '北塔区', '2');
INSERT INTO `sys_city_info` VALUES ('180505', '邵东县', '2');
INSERT INTO `sys_city_info` VALUES ('180506', '新邵县', '2');
INSERT INTO `sys_city_info` VALUES ('180507', '邵阳县', '2');
INSERT INTO `sys_city_info` VALUES ('180508', '隆回县', '2');
INSERT INTO `sys_city_info` VALUES ('180509', '洞口县', '2');
INSERT INTO `sys_city_info` VALUES ('180510', '绥宁县', '2');
INSERT INTO `sys_city_info` VALUES ('180511', '新宁县', '2');
INSERT INTO `sys_city_info` VALUES ('180512', '城步苗族自治县', '2');
INSERT INTO `sys_city_info` VALUES ('180513', '武冈市', '2');
INSERT INTO `sys_city_info` VALUES ('1806', '岳阳市', '1');
INSERT INTO `sys_city_info` VALUES ('180601', '市辖区', '2');
INSERT INTO `sys_city_info` VALUES ('180602', '岳阳楼区', '2');
INSERT INTO `sys_city_info` VALUES ('180603', '云溪区', '2');
INSERT INTO `sys_city_info` VALUES ('180604', '君山区', '2');
INSERT INTO `sys_city_info` VALUES ('180605', '岳阳县', '2');
INSERT INTO `sys_city_info` VALUES ('180606', '华容县', '2');
INSERT INTO `sys_city_info` VALUES ('180607', '湘阴县', '2');
INSERT INTO `sys_city_info` VALUES ('180608', '平江县', '2');
INSERT INTO `sys_city_info` VALUES ('180609', '汨罗市', '2');
INSERT INTO `sys_city_info` VALUES ('180610', '临湘市', '2');
INSERT INTO `sys_city_info` VALUES ('1807', '常德市', '1');
INSERT INTO `sys_city_info` VALUES ('180701', '市辖区', '2');
INSERT INTO `sys_city_info` VALUES ('180702', '武陵区', '2');
INSERT INTO `sys_city_info` VALUES ('180703', '鼎城区', '2');
INSERT INTO `sys_city_info` VALUES ('180704', '安乡县', '2');
INSERT INTO `sys_city_info` VALUES ('180705', '汉寿县', '2');
INSERT INTO `sys_city_info` VALUES ('180706', '澧　县', '2');
INSERT INTO `sys_city_info` VALUES ('180707', '临澧县', '2');
INSERT INTO `sys_city_info` VALUES ('180708', '桃源县', '2');
INSERT INTO `sys_city_info` VALUES ('180709', '石门县', '2');
INSERT INTO `sys_city_info` VALUES ('180710', '津市市', '2');
INSERT INTO `sys_city_info` VALUES ('1808', '张家界市', '1');
INSERT INTO `sys_city_info` VALUES ('180801', '市辖区', '2');
INSERT INTO `sys_city_info` VALUES ('180802', '永定区', '2');
INSERT INTO `sys_city_info` VALUES ('180803', '武陵源区', '2');
INSERT INTO `sys_city_info` VALUES ('180804', '慈利县', '2');
INSERT INTO `sys_city_info` VALUES ('180805', '桑植县', '2');
INSERT INTO `sys_city_info` VALUES ('1809', '益阳市', '1');
INSERT INTO `sys_city_info` VALUES ('180901', '市辖区', '2');
INSERT INTO `sys_city_info` VALUES ('180902', '资阳区', '2');
INSERT INTO `sys_city_info` VALUES ('180903', '赫山区', '2');
INSERT INTO `sys_city_info` VALUES ('180904', '南　县', '2');
INSERT INTO `sys_city_info` VALUES ('180905', '桃江县', '2');
INSERT INTO `sys_city_info` VALUES ('180906', '安化县', '2');
INSERT INTO `sys_city_info` VALUES ('180907', '沅江市', '2');
INSERT INTO `sys_city_info` VALUES ('1810', '郴州市', '1');
INSERT INTO `sys_city_info` VALUES ('181001', '市辖区', '2');
INSERT INTO `sys_city_info` VALUES ('181002', '北湖区', '2');
INSERT INTO `sys_city_info` VALUES ('181003', '苏仙区', '2');
INSERT INTO `sys_city_info` VALUES ('181004', '桂阳县', '2');
INSERT INTO `sys_city_info` VALUES ('181005', '宜章县', '2');
INSERT INTO `sys_city_info` VALUES ('181006', '永兴县', '2');
INSERT INTO `sys_city_info` VALUES ('181007', '嘉禾县', '2');
INSERT INTO `sys_city_info` VALUES ('181008', '临武县', '2');
INSERT INTO `sys_city_info` VALUES ('181009', '汝城县', '2');
INSERT INTO `sys_city_info` VALUES ('181010', '桂东县', '2');
INSERT INTO `sys_city_info` VALUES ('181011', '安仁县', '2');
INSERT INTO `sys_city_info` VALUES ('181012', '资兴市', '2');
INSERT INTO `sys_city_info` VALUES ('1811', '永州市', '1');
INSERT INTO `sys_city_info` VALUES ('181101', '市辖区', '2');
INSERT INTO `sys_city_info` VALUES ('181102', '芝山区', '2');
INSERT INTO `sys_city_info` VALUES ('181103', '冷水滩区', '2');
INSERT INTO `sys_city_info` VALUES ('181104', '祁阳县', '2');
INSERT INTO `sys_city_info` VALUES ('181105', '东安县', '2');
INSERT INTO `sys_city_info` VALUES ('181106', '双牌县', '2');
INSERT INTO `sys_city_info` VALUES ('181107', '道　县', '2');
INSERT INTO `sys_city_info` VALUES ('181108', '江永县', '2');
INSERT INTO `sys_city_info` VALUES ('181109', '宁远县', '2');
INSERT INTO `sys_city_info` VALUES ('181110', '蓝山县', '2');
INSERT INTO `sys_city_info` VALUES ('181111', '新田县', '2');
INSERT INTO `sys_city_info` VALUES ('181112', '江华瑶族自治县', '2');
INSERT INTO `sys_city_info` VALUES ('1812', '怀化市', '1');
INSERT INTO `sys_city_info` VALUES ('181201', '市辖区', '2');
INSERT INTO `sys_city_info` VALUES ('181202', '鹤城区', '2');
INSERT INTO `sys_city_info` VALUES ('181203', '中方县', '2');
INSERT INTO `sys_city_info` VALUES ('181204', '沅陵县', '2');
INSERT INTO `sys_city_info` VALUES ('181205', '辰溪县', '2');
INSERT INTO `sys_city_info` VALUES ('181206', '溆浦县', '2');
INSERT INTO `sys_city_info` VALUES ('181207', '会同县', '2');
INSERT INTO `sys_city_info` VALUES ('181208', '麻阳苗族自治县', '2');
INSERT INTO `sys_city_info` VALUES ('181209', '新晃侗族自治县', '2');
INSERT INTO `sys_city_info` VALUES ('181210', '芷江侗族自治县', '2');
INSERT INTO `sys_city_info` VALUES ('181211', '靖州苗族侗族自治县', '2');
INSERT INTO `sys_city_info` VALUES ('181212', '通道侗族自治县', '2');
INSERT INTO `sys_city_info` VALUES ('181213', '洪江市', '2');
INSERT INTO `sys_city_info` VALUES ('1813', '娄底市', '1');
INSERT INTO `sys_city_info` VALUES ('181301', '市辖区', '2');
INSERT INTO `sys_city_info` VALUES ('181302', '娄星区', '2');
INSERT INTO `sys_city_info` VALUES ('181303', '双峰县', '2');
INSERT INTO `sys_city_info` VALUES ('181304', '新化县', '2');
INSERT INTO `sys_city_info` VALUES ('181305', '冷水江市', '2');
INSERT INTO `sys_city_info` VALUES ('181306', '涟源市', '2');
INSERT INTO `sys_city_info` VALUES ('1814', '湘西土家族苗族自治州', '1');
INSERT INTO `sys_city_info` VALUES ('181401', '吉首市', '2');
INSERT INTO `sys_city_info` VALUES ('181402', '泸溪县', '2');
INSERT INTO `sys_city_info` VALUES ('181403', '凤凰县', '2');
INSERT INTO `sys_city_info` VALUES ('181404', '花垣县', '2');
INSERT INTO `sys_city_info` VALUES ('181405', '保靖县', '2');
INSERT INTO `sys_city_info` VALUES ('181406', '古丈县', '2');
INSERT INTO `sys_city_info` VALUES ('181407', '永顺县', '2');
INSERT INTO `sys_city_info` VALUES ('181408', '龙山县', '2');
INSERT INTO `sys_city_info` VALUES ('19', '广东省', '0');
INSERT INTO `sys_city_info` VALUES ('1901', '广州市', '1');
INSERT INTO `sys_city_info` VALUES ('190101', '市辖区', '2');
INSERT INTO `sys_city_info` VALUES ('190102', '东山区', '2');
INSERT INTO `sys_city_info` VALUES ('190103', '荔湾区', '2');
INSERT INTO `sys_city_info` VALUES ('190104', '越秀区', '2');
INSERT INTO `sys_city_info` VALUES ('190105', '海珠区', '2');
INSERT INTO `sys_city_info` VALUES ('190106', '天河区', '2');
INSERT INTO `sys_city_info` VALUES ('190107', '芳村区', '2');
INSERT INTO `sys_city_info` VALUES ('190108', '白云区', '2');
INSERT INTO `sys_city_info` VALUES ('190109', '黄埔区', '2');
INSERT INTO `sys_city_info` VALUES ('190110', '番禺区', '2');
INSERT INTO `sys_city_info` VALUES ('190111', '花都区', '2');
INSERT INTO `sys_city_info` VALUES ('190112', '增城市', '2');
INSERT INTO `sys_city_info` VALUES ('190113', '从化市', '2');
INSERT INTO `sys_city_info` VALUES ('1902', '韶关市', '1');
INSERT INTO `sys_city_info` VALUES ('190201', '市辖区', '2');
INSERT INTO `sys_city_info` VALUES ('190202', '武江区', '2');
INSERT INTO `sys_city_info` VALUES ('190203', '浈江区', '2');
INSERT INTO `sys_city_info` VALUES ('190204', '曲江区', '2');
INSERT INTO `sys_city_info` VALUES ('190205', '始兴县', '2');
INSERT INTO `sys_city_info` VALUES ('190206', '仁化县', '2');
INSERT INTO `sys_city_info` VALUES ('190207', '翁源县', '2');
INSERT INTO `sys_city_info` VALUES ('190208', '乳源瑶族自治县', '2');
INSERT INTO `sys_city_info` VALUES ('190209', '新丰县', '2');
INSERT INTO `sys_city_info` VALUES ('190210', '乐昌市', '2');
INSERT INTO `sys_city_info` VALUES ('190211', '南雄市', '2');
INSERT INTO `sys_city_info` VALUES ('1903', '深圳市', '1');
INSERT INTO `sys_city_info` VALUES ('190301', '市辖区', '2');
INSERT INTO `sys_city_info` VALUES ('190302', '罗湖区', '2');
INSERT INTO `sys_city_info` VALUES ('190303', '福田区', '2');
INSERT INTO `sys_city_info` VALUES ('190304', '南山区', '2');
INSERT INTO `sys_city_info` VALUES ('190305', '宝安区', '2');
INSERT INTO `sys_city_info` VALUES ('190306', '龙岗区', '2');
INSERT INTO `sys_city_info` VALUES ('190307', '盐田区', '2');
INSERT INTO `sys_city_info` VALUES ('1904', '珠海市', '1');
INSERT INTO `sys_city_info` VALUES ('190401', '市辖区', '2');
INSERT INTO `sys_city_info` VALUES ('190402', '香洲区', '2');
INSERT INTO `sys_city_info` VALUES ('190403', '斗门区', '2');
INSERT INTO `sys_city_info` VALUES ('190404', '金湾区', '2');
INSERT INTO `sys_city_info` VALUES ('1905', '汕头市', '1');
INSERT INTO `sys_city_info` VALUES ('190501', '市辖区', '2');
INSERT INTO `sys_city_info` VALUES ('190502', '龙湖区', '2');
INSERT INTO `sys_city_info` VALUES ('190503', '金平区', '2');
INSERT INTO `sys_city_info` VALUES ('190504', '濠江区', '2');
INSERT INTO `sys_city_info` VALUES ('190505', '潮阳区', '2');
INSERT INTO `sys_city_info` VALUES ('190506', '潮南区', '2');
INSERT INTO `sys_city_info` VALUES ('190507', '澄海区', '2');
INSERT INTO `sys_city_info` VALUES ('190508', '南澳县', '2');
INSERT INTO `sys_city_info` VALUES ('1906', '佛山市', '1');
INSERT INTO `sys_city_info` VALUES ('190601', '市辖区', '2');
INSERT INTO `sys_city_info` VALUES ('190602', '禅城区', '2');
INSERT INTO `sys_city_info` VALUES ('190603', '南海区', '2');
INSERT INTO `sys_city_info` VALUES ('190604', '顺德区', '2');
INSERT INTO `sys_city_info` VALUES ('190605', '三水区', '2');
INSERT INTO `sys_city_info` VALUES ('190606', '高明区', '2');
INSERT INTO `sys_city_info` VALUES ('1907', '江门市', '1');
INSERT INTO `sys_city_info` VALUES ('190701', '市辖区', '2');
INSERT INTO `sys_city_info` VALUES ('190702', '蓬江区', '2');
INSERT INTO `sys_city_info` VALUES ('190703', '江海区', '2');
INSERT INTO `sys_city_info` VALUES ('190704', '新会区', '2');
INSERT INTO `sys_city_info` VALUES ('190705', '台山市', '2');
INSERT INTO `sys_city_info` VALUES ('190706', '开平市', '2');
INSERT INTO `sys_city_info` VALUES ('190707', '鹤山市', '2');
INSERT INTO `sys_city_info` VALUES ('190708', '恩平市', '2');
INSERT INTO `sys_city_info` VALUES ('1908', '湛江市', '1');
INSERT INTO `sys_city_info` VALUES ('190801', '市辖区', '2');
INSERT INTO `sys_city_info` VALUES ('190802', '赤坎区', '2');
INSERT INTO `sys_city_info` VALUES ('190803', '霞山区', '2');
INSERT INTO `sys_city_info` VALUES ('190804', '坡头区', '2');
INSERT INTO `sys_city_info` VALUES ('190805', '麻章区', '2');
INSERT INTO `sys_city_info` VALUES ('190806', '遂溪县', '2');
INSERT INTO `sys_city_info` VALUES ('190807', '徐闻县', '2');
INSERT INTO `sys_city_info` VALUES ('190808', '廉江市', '2');
INSERT INTO `sys_city_info` VALUES ('190809', '雷州市', '2');
INSERT INTO `sys_city_info` VALUES ('190810', '吴川市', '2');
INSERT INTO `sys_city_info` VALUES ('1909', '茂名市', '1');
INSERT INTO `sys_city_info` VALUES ('190901', '市辖区', '2');
INSERT INTO `sys_city_info` VALUES ('190902', '茂南区', '2');
INSERT INTO `sys_city_info` VALUES ('190903', '茂港区', '2');
INSERT INTO `sys_city_info` VALUES ('190904', '电白县', '2');
INSERT INTO `sys_city_info` VALUES ('190905', '高州市', '2');
INSERT INTO `sys_city_info` VALUES ('190906', '化州市', '2');
INSERT INTO `sys_city_info` VALUES ('190907', '信宜市', '2');
INSERT INTO `sys_city_info` VALUES ('1910', '肇庆市', '1');
INSERT INTO `sys_city_info` VALUES ('191001', '市辖区', '2');
INSERT INTO `sys_city_info` VALUES ('191002', '端州区', '2');
INSERT INTO `sys_city_info` VALUES ('191003', '鼎湖区', '2');
INSERT INTO `sys_city_info` VALUES ('191004', '广宁县', '2');
INSERT INTO `sys_city_info` VALUES ('191005', '怀集县', '2');
INSERT INTO `sys_city_info` VALUES ('191006', '封开县', '2');
INSERT INTO `sys_city_info` VALUES ('191007', '德庆县', '2');
INSERT INTO `sys_city_info` VALUES ('191008', '高要市', '2');
INSERT INTO `sys_city_info` VALUES ('191009', '四会市', '2');
INSERT INTO `sys_city_info` VALUES ('1911', '惠州市', '1');
INSERT INTO `sys_city_info` VALUES ('191101', '市辖区', '2');
INSERT INTO `sys_city_info` VALUES ('191102', '惠城区', '2');
INSERT INTO `sys_city_info` VALUES ('191103', '惠阳区', '2');
INSERT INTO `sys_city_info` VALUES ('191104', '博罗县', '2');
INSERT INTO `sys_city_info` VALUES ('191105', '惠东县', '2');
INSERT INTO `sys_city_info` VALUES ('191106', '龙门县', '2');
INSERT INTO `sys_city_info` VALUES ('1912', '梅州市', '1');
INSERT INTO `sys_city_info` VALUES ('191201', '市辖区', '2');
INSERT INTO `sys_city_info` VALUES ('191202', '梅江区', '2');
INSERT INTO `sys_city_info` VALUES ('191203', '梅　县', '2');
INSERT INTO `sys_city_info` VALUES ('191204', '大埔县', '2');
INSERT INTO `sys_city_info` VALUES ('191205', '丰顺县', '2');
INSERT INTO `sys_city_info` VALUES ('191206', '五华县', '2');
INSERT INTO `sys_city_info` VALUES ('191207', '平远县', '2');
INSERT INTO `sys_city_info` VALUES ('191208', '蕉岭县', '2');
INSERT INTO `sys_city_info` VALUES ('191209', '兴宁市', '2');
INSERT INTO `sys_city_info` VALUES ('1913', '汕尾市', '1');
INSERT INTO `sys_city_info` VALUES ('191301', '市辖区', '2');
INSERT INTO `sys_city_info` VALUES ('191302', '城　区', '2');
INSERT INTO `sys_city_info` VALUES ('191303', '海丰县', '2');
INSERT INTO `sys_city_info` VALUES ('191304', '陆河县', '2');
INSERT INTO `sys_city_info` VALUES ('191305', '陆丰市', '2');
INSERT INTO `sys_city_info` VALUES ('1914', '河源市', '1');
INSERT INTO `sys_city_info` VALUES ('191401', '市辖区', '2');
INSERT INTO `sys_city_info` VALUES ('191402', '源城区', '2');
INSERT INTO `sys_city_info` VALUES ('191403', '紫金县', '2');
INSERT INTO `sys_city_info` VALUES ('191404', '龙川县', '2');
INSERT INTO `sys_city_info` VALUES ('191405', '连平县', '2');
INSERT INTO `sys_city_info` VALUES ('191406', '和平县', '2');
INSERT INTO `sys_city_info` VALUES ('191407', '东源县', '2');
INSERT INTO `sys_city_info` VALUES ('1915', '阳江市', '1');
INSERT INTO `sys_city_info` VALUES ('191501', '市辖区', '2');
INSERT INTO `sys_city_info` VALUES ('191502', '江城区', '2');
INSERT INTO `sys_city_info` VALUES ('191503', '阳西县', '2');
INSERT INTO `sys_city_info` VALUES ('191504', '阳东县', '2');
INSERT INTO `sys_city_info` VALUES ('191505', '阳春市', '2');
INSERT INTO `sys_city_info` VALUES ('1916', '清远市', '1');
INSERT INTO `sys_city_info` VALUES ('191601', '市辖区', '2');
INSERT INTO `sys_city_info` VALUES ('191602', '清城区', '2');
INSERT INTO `sys_city_info` VALUES ('191603', '佛冈县', '2');
INSERT INTO `sys_city_info` VALUES ('191604', '阳山县', '2');
INSERT INTO `sys_city_info` VALUES ('191605', '连山壮族瑶族自治县', '2');
INSERT INTO `sys_city_info` VALUES ('191606', '连南瑶族自治县', '2');
INSERT INTO `sys_city_info` VALUES ('191607', '清新县', '2');
INSERT INTO `sys_city_info` VALUES ('191608', '英德市', '2');
INSERT INTO `sys_city_info` VALUES ('191609', '连州市', '2');
INSERT INTO `sys_city_info` VALUES ('1917', '东莞市', '1');
INSERT INTO `sys_city_info` VALUES ('1918', '中山市', '1');
INSERT INTO `sys_city_info` VALUES ('1919', '潮州市', '1');
INSERT INTO `sys_city_info` VALUES ('191901', '市辖区', '2');
INSERT INTO `sys_city_info` VALUES ('191902', '湘桥区', '2');
INSERT INTO `sys_city_info` VALUES ('191903', '潮安县', '2');
INSERT INTO `sys_city_info` VALUES ('191904', '饶平县', '2');
INSERT INTO `sys_city_info` VALUES ('1920', '揭阳市', '1');
INSERT INTO `sys_city_info` VALUES ('192001', '市辖区', '2');
INSERT INTO `sys_city_info` VALUES ('192002', '榕城区', '2');
INSERT INTO `sys_city_info` VALUES ('192003', '揭东县', '2');
INSERT INTO `sys_city_info` VALUES ('192004', '揭西县', '2');
INSERT INTO `sys_city_info` VALUES ('192005', '惠来县', '2');
INSERT INTO `sys_city_info` VALUES ('192006', '普宁市', '2');
INSERT INTO `sys_city_info` VALUES ('1921', '云浮市', '1');
INSERT INTO `sys_city_info` VALUES ('192101', '市辖区', '2');
INSERT INTO `sys_city_info` VALUES ('192102', '云城区', '2');
INSERT INTO `sys_city_info` VALUES ('192103', '新兴县', '2');
INSERT INTO `sys_city_info` VALUES ('192104', '郁南县', '2');
INSERT INTO `sys_city_info` VALUES ('192105', '云安县', '2');
INSERT INTO `sys_city_info` VALUES ('192106', '罗定市', '2');
INSERT INTO `sys_city_info` VALUES ('20', '广西壮族自治区', '0');
INSERT INTO `sys_city_info` VALUES ('2001', '南宁市', '1');
INSERT INTO `sys_city_info` VALUES ('200101', '市辖区', '2');
INSERT INTO `sys_city_info` VALUES ('200102', '兴宁区', '2');
INSERT INTO `sys_city_info` VALUES ('200103', '青秀区', '2');
INSERT INTO `sys_city_info` VALUES ('200104', '江南区', '2');
INSERT INTO `sys_city_info` VALUES ('200105', '西乡塘区', '2');
INSERT INTO `sys_city_info` VALUES ('200106', '良庆区', '2');
INSERT INTO `sys_city_info` VALUES ('200107', '邕宁区', '2');
INSERT INTO `sys_city_info` VALUES ('200108', '武鸣县', '2');
INSERT INTO `sys_city_info` VALUES ('200109', '隆安县', '2');
INSERT INTO `sys_city_info` VALUES ('200110', '马山县', '2');
INSERT INTO `sys_city_info` VALUES ('200111', '上林县', '2');
INSERT INTO `sys_city_info` VALUES ('200112', '宾阳县', '2');
INSERT INTO `sys_city_info` VALUES ('200113', '横　县', '2');
INSERT INTO `sys_city_info` VALUES ('2002', '柳州市', '1');
INSERT INTO `sys_city_info` VALUES ('200201', '市辖区', '2');
INSERT INTO `sys_city_info` VALUES ('200202', '城中区', '2');
INSERT INTO `sys_city_info` VALUES ('200203', '鱼峰区', '2');
INSERT INTO `sys_city_info` VALUES ('200204', '柳南区', '2');
INSERT INTO `sys_city_info` VALUES ('200205', '柳北区', '2');
INSERT INTO `sys_city_info` VALUES ('200206', '柳江县', '2');
INSERT INTO `sys_city_info` VALUES ('200207', '柳城县', '2');
INSERT INTO `sys_city_info` VALUES ('200208', '鹿寨县', '2');
INSERT INTO `sys_city_info` VALUES ('200209', '融安县', '2');
INSERT INTO `sys_city_info` VALUES ('200210', '融水苗族自治县', '2');
INSERT INTO `sys_city_info` VALUES ('200211', '三江侗族自治县', '2');
INSERT INTO `sys_city_info` VALUES ('2003', '桂林市', '1');
INSERT INTO `sys_city_info` VALUES ('200301', '市辖区', '2');
INSERT INTO `sys_city_info` VALUES ('200302', '秀峰区', '2');
INSERT INTO `sys_city_info` VALUES ('200303', '叠彩区', '2');
INSERT INTO `sys_city_info` VALUES ('200304', '象山区', '2');
INSERT INTO `sys_city_info` VALUES ('200305', '七星区', '2');
INSERT INTO `sys_city_info` VALUES ('200306', '雁山区', '2');
INSERT INTO `sys_city_info` VALUES ('200307', '阳朔县', '2');
INSERT INTO `sys_city_info` VALUES ('200308', '临桂县', '2');
INSERT INTO `sys_city_info` VALUES ('200309', '灵川县', '2');
INSERT INTO `sys_city_info` VALUES ('200310', '全州县', '2');
INSERT INTO `sys_city_info` VALUES ('200311', '兴安县', '2');
INSERT INTO `sys_city_info` VALUES ('200312', '永福县', '2');
INSERT INTO `sys_city_info` VALUES ('200313', '灌阳县', '2');
INSERT INTO `sys_city_info` VALUES ('200314', '龙胜各族自治县', '2');
INSERT INTO `sys_city_info` VALUES ('200315', '资源县', '2');
INSERT INTO `sys_city_info` VALUES ('200316', '平乐县', '2');
INSERT INTO `sys_city_info` VALUES ('200317', '荔蒲县', '2');
INSERT INTO `sys_city_info` VALUES ('200318', '恭城瑶族自治县', '2');
INSERT INTO `sys_city_info` VALUES ('2004', '梧州市', '1');
INSERT INTO `sys_city_info` VALUES ('200401', '市辖区', '2');
INSERT INTO `sys_city_info` VALUES ('200402', '万秀区', '2');
INSERT INTO `sys_city_info` VALUES ('200403', '蝶山区', '2');
INSERT INTO `sys_city_info` VALUES ('200404', '长洲区', '2');
INSERT INTO `sys_city_info` VALUES ('200405', '苍梧县', '2');
INSERT INTO `sys_city_info` VALUES ('200406', '藤　县', '2');
INSERT INTO `sys_city_info` VALUES ('200407', '蒙山县', '2');
INSERT INTO `sys_city_info` VALUES ('200408', '岑溪市', '2');
INSERT INTO `sys_city_info` VALUES ('2005', '北海市', '1');
INSERT INTO `sys_city_info` VALUES ('200501', '市辖区', '2');
INSERT INTO `sys_city_info` VALUES ('200502', '海城区', '2');
INSERT INTO `sys_city_info` VALUES ('200503', '银海区', '2');
INSERT INTO `sys_city_info` VALUES ('200504', '铁山港区', '2');
INSERT INTO `sys_city_info` VALUES ('200505', '合浦县', '2');
INSERT INTO `sys_city_info` VALUES ('2006', '防城港市', '1');
INSERT INTO `sys_city_info` VALUES ('200601', '市辖区', '2');
INSERT INTO `sys_city_info` VALUES ('200602', '港口区', '2');
INSERT INTO `sys_city_info` VALUES ('200603', '防城区', '2');
INSERT INTO `sys_city_info` VALUES ('200604', '上思县', '2');
INSERT INTO `sys_city_info` VALUES ('200605', '东兴市', '2');
INSERT INTO `sys_city_info` VALUES ('2007', '钦州市', '1');
INSERT INTO `sys_city_info` VALUES ('200701', '市辖区', '2');
INSERT INTO `sys_city_info` VALUES ('200702', '钦南区', '2');
INSERT INTO `sys_city_info` VALUES ('200703', '钦北区', '2');
INSERT INTO `sys_city_info` VALUES ('200704', '灵山县', '2');
INSERT INTO `sys_city_info` VALUES ('200705', '浦北县', '2');
INSERT INTO `sys_city_info` VALUES ('2008', '贵港市', '1');
INSERT INTO `sys_city_info` VALUES ('200801', '市辖区', '2');
INSERT INTO `sys_city_info` VALUES ('200802', '港北区', '2');
INSERT INTO `sys_city_info` VALUES ('200803', '港南区', '2');
INSERT INTO `sys_city_info` VALUES ('200804', '覃塘区', '2');
INSERT INTO `sys_city_info` VALUES ('200805', '平南县', '2');
INSERT INTO `sys_city_info` VALUES ('200806', '桂平市', '2');
INSERT INTO `sys_city_info` VALUES ('2009', '玉林市', '1');
INSERT INTO `sys_city_info` VALUES ('200901', '市辖区', '2');
INSERT INTO `sys_city_info` VALUES ('200902', '玉州区', '2');
INSERT INTO `sys_city_info` VALUES ('200903', '容　县', '2');
INSERT INTO `sys_city_info` VALUES ('200904', '陆川县', '2');
INSERT INTO `sys_city_info` VALUES ('200905', '博白县', '2');
INSERT INTO `sys_city_info` VALUES ('200906', '兴业县', '2');
INSERT INTO `sys_city_info` VALUES ('200907', '北流市', '2');
INSERT INTO `sys_city_info` VALUES ('2010', '百色市', '1');
INSERT INTO `sys_city_info` VALUES ('201001', '市辖区', '2');
INSERT INTO `sys_city_info` VALUES ('201002', '右江区', '2');
INSERT INTO `sys_city_info` VALUES ('201003', '田阳县', '2');
INSERT INTO `sys_city_info` VALUES ('201004', '田东县', '2');
INSERT INTO `sys_city_info` VALUES ('201005', '平果县', '2');
INSERT INTO `sys_city_info` VALUES ('201006', '德保县', '2');
INSERT INTO `sys_city_info` VALUES ('201007', '靖西县', '2');
INSERT INTO `sys_city_info` VALUES ('201008', '那坡县', '2');
INSERT INTO `sys_city_info` VALUES ('201009', '凌云县', '2');
INSERT INTO `sys_city_info` VALUES ('201010', '乐业县', '2');
INSERT INTO `sys_city_info` VALUES ('201011', '田林县', '2');
INSERT INTO `sys_city_info` VALUES ('201012', '西林县', '2');
INSERT INTO `sys_city_info` VALUES ('201013', '隆林各族自治县', '2');
INSERT INTO `sys_city_info` VALUES ('2011', '贺州市', '1');
INSERT INTO `sys_city_info` VALUES ('201101', '市辖区', '2');
INSERT INTO `sys_city_info` VALUES ('201102', '八步区', '2');
INSERT INTO `sys_city_info` VALUES ('201103', '昭平县', '2');
INSERT INTO `sys_city_info` VALUES ('201104', '钟山县', '2');
INSERT INTO `sys_city_info` VALUES ('201105', '富川瑶族自治县', '2');
INSERT INTO `sys_city_info` VALUES ('2012', '河池市', '1');
INSERT INTO `sys_city_info` VALUES ('201201', '市辖区', '2');
INSERT INTO `sys_city_info` VALUES ('201202', '金城江区', '2');
INSERT INTO `sys_city_info` VALUES ('201203', '南丹县', '2');
INSERT INTO `sys_city_info` VALUES ('201204', '天峨县', '2');
INSERT INTO `sys_city_info` VALUES ('201205', '凤山县', '2');
INSERT INTO `sys_city_info` VALUES ('201206', '东兰县', '2');
INSERT INTO `sys_city_info` VALUES ('201207', '罗城仫佬族自治县', '2');
INSERT INTO `sys_city_info` VALUES ('201208', '环江毛南族自治县', '2');
INSERT INTO `sys_city_info` VALUES ('201209', '巴马瑶族自治县', '2');
INSERT INTO `sys_city_info` VALUES ('201210', '都安瑶族自治县', '2');
INSERT INTO `sys_city_info` VALUES ('201211', '大化瑶族自治县', '2');
INSERT INTO `sys_city_info` VALUES ('201212', '宜州市', '2');
INSERT INTO `sys_city_info` VALUES ('2013', '来宾市', '1');
INSERT INTO `sys_city_info` VALUES ('201301', '市辖区', '2');
INSERT INTO `sys_city_info` VALUES ('201302', '兴宾区', '2');
INSERT INTO `sys_city_info` VALUES ('201303', '忻城县', '2');
INSERT INTO `sys_city_info` VALUES ('201304', '象州县', '2');
INSERT INTO `sys_city_info` VALUES ('201305', '武宣县', '2');
INSERT INTO `sys_city_info` VALUES ('201306', '金秀瑶族自治县', '2');
INSERT INTO `sys_city_info` VALUES ('201307', '合山市', '2');
INSERT INTO `sys_city_info` VALUES ('2014', '崇左市', '1');
INSERT INTO `sys_city_info` VALUES ('201401', '市辖区', '2');
INSERT INTO `sys_city_info` VALUES ('201402', '江洲区', '2');
INSERT INTO `sys_city_info` VALUES ('201403', '扶绥县', '2');
INSERT INTO `sys_city_info` VALUES ('201404', '宁明县', '2');
INSERT INTO `sys_city_info` VALUES ('201405', '龙州县', '2');
INSERT INTO `sys_city_info` VALUES ('201406', '大新县', '2');
INSERT INTO `sys_city_info` VALUES ('201407', '天等县', '2');
INSERT INTO `sys_city_info` VALUES ('201408', '凭祥市', '2');
INSERT INTO `sys_city_info` VALUES ('21', '海南省', '0');
INSERT INTO `sys_city_info` VALUES ('2101', '海口市', '1');
INSERT INTO `sys_city_info` VALUES ('210101', '市辖区', '2');
INSERT INTO `sys_city_info` VALUES ('210102', '秀英区', '2');
INSERT INTO `sys_city_info` VALUES ('210103', '龙华区', '2');
INSERT INTO `sys_city_info` VALUES ('210104', '琼山区', '2');
INSERT INTO `sys_city_info` VALUES ('210105', '美兰区', '2');
INSERT INTO `sys_city_info` VALUES ('2102', '三亚市', '1');
INSERT INTO `sys_city_info` VALUES ('210201', '市辖区', '2');
INSERT INTO `sys_city_info` VALUES ('2103', '省直辖县级行政单位', '1');
INSERT INTO `sys_city_info` VALUES ('210301', '五指山市', '2');
INSERT INTO `sys_city_info` VALUES ('210302', '琼海市', '2');
INSERT INTO `sys_city_info` VALUES ('210303', '儋州市', '2');
INSERT INTO `sys_city_info` VALUES ('210304', '文昌市', '2');
INSERT INTO `sys_city_info` VALUES ('210305', '万宁市', '2');
INSERT INTO `sys_city_info` VALUES ('210306', '东方市', '2');
INSERT INTO `sys_city_info` VALUES ('210307', '定安县', '2');
INSERT INTO `sys_city_info` VALUES ('210308', '屯昌县', '2');
INSERT INTO `sys_city_info` VALUES ('210309', '澄迈县', '2');
INSERT INTO `sys_city_info` VALUES ('210310', '临高县', '2');
INSERT INTO `sys_city_info` VALUES ('210311', '白沙黎族自治县', '2');
INSERT INTO `sys_city_info` VALUES ('210312', '昌江黎族自治县', '2');
INSERT INTO `sys_city_info` VALUES ('210313', '乐东黎族自治县', '2');
INSERT INTO `sys_city_info` VALUES ('210314', '陵水黎族自治县', '2');
INSERT INTO `sys_city_info` VALUES ('210315', '保亭黎族苗族自治县', '2');
INSERT INTO `sys_city_info` VALUES ('210316', '琼中黎族苗族自治县', '2');
INSERT INTO `sys_city_info` VALUES ('210317', '西沙群岛', '2');
INSERT INTO `sys_city_info` VALUES ('210318', '南沙群岛', '2');
INSERT INTO `sys_city_info` VALUES ('210319', '中沙群岛的岛礁及其海域', '2');
INSERT INTO `sys_city_info` VALUES ('22', '重庆市', '0');
INSERT INTO `sys_city_info` VALUES ('2201', '市辖区', '1');
INSERT INTO `sys_city_info` VALUES ('220101', '万州区', '2');
INSERT INTO `sys_city_info` VALUES ('220102', '涪陵区', '2');
INSERT INTO `sys_city_info` VALUES ('220103', '渝中区', '2');
INSERT INTO `sys_city_info` VALUES ('220104', '大渡口区', '2');
INSERT INTO `sys_city_info` VALUES ('220105', '江北区', '2');
INSERT INTO `sys_city_info` VALUES ('220106', '沙坪坝区', '2');
INSERT INTO `sys_city_info` VALUES ('220107', '九龙坡区', '2');
INSERT INTO `sys_city_info` VALUES ('220108', '南岸区', '2');
INSERT INTO `sys_city_info` VALUES ('220109', '北碚区', '2');
INSERT INTO `sys_city_info` VALUES ('220110', '万盛区', '2');
INSERT INTO `sys_city_info` VALUES ('220111', '双桥区', '2');
INSERT INTO `sys_city_info` VALUES ('220112', '渝北区', '2');
INSERT INTO `sys_city_info` VALUES ('220113', '巴南区', '2');
INSERT INTO `sys_city_info` VALUES ('220114', '黔江区', '2');
INSERT INTO `sys_city_info` VALUES ('220115', '长寿区', '2');
INSERT INTO `sys_city_info` VALUES ('2202', '县', '1');
INSERT INTO `sys_city_info` VALUES ('220201', '綦江县', '2');
INSERT INTO `sys_city_info` VALUES ('220202', '潼南县', '2');
INSERT INTO `sys_city_info` VALUES ('220203', '铜梁县', '2');
INSERT INTO `sys_city_info` VALUES ('220204', '大足县', '2');
INSERT INTO `sys_city_info` VALUES ('220205', '荣昌县', '2');
INSERT INTO `sys_city_info` VALUES ('220206', '璧山县', '2');
INSERT INTO `sys_city_info` VALUES ('220207', '梁平县', '2');
INSERT INTO `sys_city_info` VALUES ('220208', '城口县', '2');
INSERT INTO `sys_city_info` VALUES ('220209', '丰都县', '2');
INSERT INTO `sys_city_info` VALUES ('220210', '垫江县', '2');
INSERT INTO `sys_city_info` VALUES ('220211', '武隆县', '2');
INSERT INTO `sys_city_info` VALUES ('220212', '忠　县', '2');
INSERT INTO `sys_city_info` VALUES ('220213', '开　县', '2');
INSERT INTO `sys_city_info` VALUES ('220214', '云阳县', '2');
INSERT INTO `sys_city_info` VALUES ('220215', '奉节县', '2');
INSERT INTO `sys_city_info` VALUES ('220216', '巫山县', '2');
INSERT INTO `sys_city_info` VALUES ('220217', '巫溪县', '2');
INSERT INTO `sys_city_info` VALUES ('220218', '石柱土家族自治县', '2');
INSERT INTO `sys_city_info` VALUES ('220219', '秀山土家族苗族自治县', '2');
INSERT INTO `sys_city_info` VALUES ('220220', '酉阳土家族苗族自治县', '2');
INSERT INTO `sys_city_info` VALUES ('220221', '彭水苗族土家族自治县', '2');
INSERT INTO `sys_city_info` VALUES ('2203', '市', '1');
INSERT INTO `sys_city_info` VALUES ('220301', '江津市', '2');
INSERT INTO `sys_city_info` VALUES ('220302', '合川市', '2');
INSERT INTO `sys_city_info` VALUES ('220303', '永川市', '2');
INSERT INTO `sys_city_info` VALUES ('220304', '南川市', '2');
INSERT INTO `sys_city_info` VALUES ('23', '四川省', '0');
INSERT INTO `sys_city_info` VALUES ('2301', '成都市', '1');
INSERT INTO `sys_city_info` VALUES ('230101', '市辖区', '2');
INSERT INTO `sys_city_info` VALUES ('230102', '锦江区', '2');
INSERT INTO `sys_city_info` VALUES ('230103', '青羊区', '2');
INSERT INTO `sys_city_info` VALUES ('230104', '金牛区', '2');
INSERT INTO `sys_city_info` VALUES ('230105', '武侯区', '2');
INSERT INTO `sys_city_info` VALUES ('230106', '成华区', '2');
INSERT INTO `sys_city_info` VALUES ('230107', '龙泉驿区', '2');
INSERT INTO `sys_city_info` VALUES ('230108', '青白江区', '2');
INSERT INTO `sys_city_info` VALUES ('230109', '新都区', '2');
INSERT INTO `sys_city_info` VALUES ('230110', '温江区', '2');
INSERT INTO `sys_city_info` VALUES ('230111', '金堂县', '2');
INSERT INTO `sys_city_info` VALUES ('230112', '双流县', '2');
INSERT INTO `sys_city_info` VALUES ('230113', '郫　县', '2');
INSERT INTO `sys_city_info` VALUES ('230114', '大邑县', '2');
INSERT INTO `sys_city_info` VALUES ('230115', '蒲江县', '2');
INSERT INTO `sys_city_info` VALUES ('230116', '新津县', '2');
INSERT INTO `sys_city_info` VALUES ('230117', '都江堰市', '2');
INSERT INTO `sys_city_info` VALUES ('230118', '彭州市', '2');
INSERT INTO `sys_city_info` VALUES ('230119', '邛崃市', '2');
INSERT INTO `sys_city_info` VALUES ('230120', '崇州市', '2');
INSERT INTO `sys_city_info` VALUES ('2302', '自贡市', '1');
INSERT INTO `sys_city_info` VALUES ('230201', '市辖区', '2');
INSERT INTO `sys_city_info` VALUES ('230202', '自流井区', '2');
INSERT INTO `sys_city_info` VALUES ('230203', '贡井区', '2');
INSERT INTO `sys_city_info` VALUES ('230204', '大安区', '2');
INSERT INTO `sys_city_info` VALUES ('230205', '沿滩区', '2');
INSERT INTO `sys_city_info` VALUES ('230206', '荣　县', '2');
INSERT INTO `sys_city_info` VALUES ('230207', '富顺县', '2');
INSERT INTO `sys_city_info` VALUES ('2303', '攀枝花市', '1');
INSERT INTO `sys_city_info` VALUES ('230301', '市辖区', '2');
INSERT INTO `sys_city_info` VALUES ('230302', '东　区', '2');
INSERT INTO `sys_city_info` VALUES ('230303', '西　区', '2');
INSERT INTO `sys_city_info` VALUES ('230304', '仁和区', '2');
INSERT INTO `sys_city_info` VALUES ('230305', '米易县', '2');
INSERT INTO `sys_city_info` VALUES ('230306', '盐边县', '2');
INSERT INTO `sys_city_info` VALUES ('2304', '泸州市', '1');
INSERT INTO `sys_city_info` VALUES ('230401', '市辖区', '2');
INSERT INTO `sys_city_info` VALUES ('230402', '江阳区', '2');
INSERT INTO `sys_city_info` VALUES ('230403', '纳溪区', '2');
INSERT INTO `sys_city_info` VALUES ('230404', '龙马潭区', '2');
INSERT INTO `sys_city_info` VALUES ('230405', '泸　县', '2');
INSERT INTO `sys_city_info` VALUES ('230406', '合江县', '2');
INSERT INTO `sys_city_info` VALUES ('230407', '叙永县', '2');
INSERT INTO `sys_city_info` VALUES ('230408', '古蔺县', '2');
INSERT INTO `sys_city_info` VALUES ('2305', '德阳市', '1');
INSERT INTO `sys_city_info` VALUES ('230501', '市辖区', '2');
INSERT INTO `sys_city_info` VALUES ('230502', '旌阳区', '2');
INSERT INTO `sys_city_info` VALUES ('230503', '中江县', '2');
INSERT INTO `sys_city_info` VALUES ('230504', '罗江县', '2');
INSERT INTO `sys_city_info` VALUES ('230505', '广汉市', '2');
INSERT INTO `sys_city_info` VALUES ('230506', '什邡市', '2');
INSERT INTO `sys_city_info` VALUES ('230507', '绵竹市', '2');
INSERT INTO `sys_city_info` VALUES ('2306', '绵阳市', '1');
INSERT INTO `sys_city_info` VALUES ('230601', '市辖区', '2');
INSERT INTO `sys_city_info` VALUES ('230602', '涪城区', '2');
INSERT INTO `sys_city_info` VALUES ('230603', '游仙区', '2');
INSERT INTO `sys_city_info` VALUES ('230604', '三台县', '2');
INSERT INTO `sys_city_info` VALUES ('230605', '盐亭县', '2');
INSERT INTO `sys_city_info` VALUES ('230606', '安　县', '2');
INSERT INTO `sys_city_info` VALUES ('230607', '梓潼县', '2');
INSERT INTO `sys_city_info` VALUES ('230608', '北川羌族自治县', '2');
INSERT INTO `sys_city_info` VALUES ('230609', '平武县', '2');
INSERT INTO `sys_city_info` VALUES ('230610', '江油市', '2');
INSERT INTO `sys_city_info` VALUES ('2307', '广元市', '1');
INSERT INTO `sys_city_info` VALUES ('230701', '市辖区', '2');
INSERT INTO `sys_city_info` VALUES ('230702', '市中区', '2');
INSERT INTO `sys_city_info` VALUES ('230703', '元坝区', '2');
INSERT INTO `sys_city_info` VALUES ('230704', '朝天区', '2');
INSERT INTO `sys_city_info` VALUES ('230705', '旺苍县', '2');
INSERT INTO `sys_city_info` VALUES ('230706', '青川县', '2');
INSERT INTO `sys_city_info` VALUES ('230707', '剑阁县', '2');
INSERT INTO `sys_city_info` VALUES ('230708', '苍溪县', '2');
INSERT INTO `sys_city_info` VALUES ('2308', '遂宁市', '1');
INSERT INTO `sys_city_info` VALUES ('230801', '市辖区', '2');
INSERT INTO `sys_city_info` VALUES ('230802', '船山区', '2');
INSERT INTO `sys_city_info` VALUES ('230803', '安居区', '2');
INSERT INTO `sys_city_info` VALUES ('230804', '蓬溪县', '2');
INSERT INTO `sys_city_info` VALUES ('230805', '射洪县', '2');
INSERT INTO `sys_city_info` VALUES ('230806', '大英县', '2');
INSERT INTO `sys_city_info` VALUES ('2309', '内江市', '1');
INSERT INTO `sys_city_info` VALUES ('230901', '市辖区', '2');
INSERT INTO `sys_city_info` VALUES ('230902', '市中区', '2');
INSERT INTO `sys_city_info` VALUES ('230903', '东兴区', '2');
INSERT INTO `sys_city_info` VALUES ('230904', '威远县', '2');
INSERT INTO `sys_city_info` VALUES ('230905', '资中县', '2');
INSERT INTO `sys_city_info` VALUES ('230906', '隆昌县', '2');
INSERT INTO `sys_city_info` VALUES ('2310', '乐山市', '1');
INSERT INTO `sys_city_info` VALUES ('231001', '市辖区', '2');
INSERT INTO `sys_city_info` VALUES ('231002', '市中区', '2');
INSERT INTO `sys_city_info` VALUES ('231003', '沙湾区', '2');
INSERT INTO `sys_city_info` VALUES ('231004', '五通桥区', '2');
INSERT INTO `sys_city_info` VALUES ('231005', '金口河区', '2');
INSERT INTO `sys_city_info` VALUES ('231006', '犍为县', '2');
INSERT INTO `sys_city_info` VALUES ('231007', '井研县', '2');
INSERT INTO `sys_city_info` VALUES ('231008', '夹江县', '2');
INSERT INTO `sys_city_info` VALUES ('231009', '沐川县', '2');
INSERT INTO `sys_city_info` VALUES ('231010', '峨边彝族自治县', '2');
INSERT INTO `sys_city_info` VALUES ('231011', '马边彝族自治县', '2');
INSERT INTO `sys_city_info` VALUES ('231012', '峨眉山市', '2');
INSERT INTO `sys_city_info` VALUES ('2311', '南充市', '1');
INSERT INTO `sys_city_info` VALUES ('231101', '市辖区', '2');
INSERT INTO `sys_city_info` VALUES ('231102', '顺庆区', '2');
INSERT INTO `sys_city_info` VALUES ('231103', '高坪区', '2');
INSERT INTO `sys_city_info` VALUES ('231104', '嘉陵区', '2');
INSERT INTO `sys_city_info` VALUES ('231105', '南部县', '2');
INSERT INTO `sys_city_info` VALUES ('231106', '营山县', '2');
INSERT INTO `sys_city_info` VALUES ('231107', '蓬安县', '2');
INSERT INTO `sys_city_info` VALUES ('231108', '仪陇县', '2');
INSERT INTO `sys_city_info` VALUES ('231109', '西充县', '2');
INSERT INTO `sys_city_info` VALUES ('231110', '阆中市', '2');
INSERT INTO `sys_city_info` VALUES ('2312', '眉山市', '1');
INSERT INTO `sys_city_info` VALUES ('231201', '市辖区', '2');
INSERT INTO `sys_city_info` VALUES ('231202', '东坡区', '2');
INSERT INTO `sys_city_info` VALUES ('231203', '仁寿县', '2');
INSERT INTO `sys_city_info` VALUES ('231204', '彭山县', '2');
INSERT INTO `sys_city_info` VALUES ('231205', '洪雅县', '2');
INSERT INTO `sys_city_info` VALUES ('231206', '丹棱县', '2');
INSERT INTO `sys_city_info` VALUES ('231207', '青神县', '2');
INSERT INTO `sys_city_info` VALUES ('2313', '宜宾市', '1');
INSERT INTO `sys_city_info` VALUES ('231301', '市辖区', '2');
INSERT INTO `sys_city_info` VALUES ('231302', '翠屏区', '2');
INSERT INTO `sys_city_info` VALUES ('231303', '宜宾县', '2');
INSERT INTO `sys_city_info` VALUES ('231304', '南溪县', '2');
INSERT INTO `sys_city_info` VALUES ('231305', '江安县', '2');
INSERT INTO `sys_city_info` VALUES ('231306', '长宁县', '2');
INSERT INTO `sys_city_info` VALUES ('231307', '高　县', '2');
INSERT INTO `sys_city_info` VALUES ('231308', '珙　县', '2');
INSERT INTO `sys_city_info` VALUES ('231309', '筠连县', '2');
INSERT INTO `sys_city_info` VALUES ('231310', '兴文县', '2');
INSERT INTO `sys_city_info` VALUES ('231311', '屏山县', '2');
INSERT INTO `sys_city_info` VALUES ('2314', '广安市', '1');
INSERT INTO `sys_city_info` VALUES ('231401', '市辖区', '2');
INSERT INTO `sys_city_info` VALUES ('231402', '广安区', '2');
INSERT INTO `sys_city_info` VALUES ('231403', '岳池县', '2');
INSERT INTO `sys_city_info` VALUES ('231404', '武胜县', '2');
INSERT INTO `sys_city_info` VALUES ('231405', '邻水县', '2');
INSERT INTO `sys_city_info` VALUES ('231406', '华莹市', '2');
INSERT INTO `sys_city_info` VALUES ('2315', '达州市', '1');
INSERT INTO `sys_city_info` VALUES ('231501', '市辖区', '2');
INSERT INTO `sys_city_info` VALUES ('231502', '通川区', '2');
INSERT INTO `sys_city_info` VALUES ('231503', '达　县', '2');
INSERT INTO `sys_city_info` VALUES ('231504', '宣汉县', '2');
INSERT INTO `sys_city_info` VALUES ('231505', '开江县', '2');
INSERT INTO `sys_city_info` VALUES ('231506', '大竹县', '2');
INSERT INTO `sys_city_info` VALUES ('231507', '渠　县', '2');
INSERT INTO `sys_city_info` VALUES ('231508', '万源市', '2');
INSERT INTO `sys_city_info` VALUES ('2316', '雅安市', '1');
INSERT INTO `sys_city_info` VALUES ('231601', '市辖区', '2');
INSERT INTO `sys_city_info` VALUES ('231602', '雨城区', '2');
INSERT INTO `sys_city_info` VALUES ('231603', '名山县', '2');
INSERT INTO `sys_city_info` VALUES ('231604', '荥经县', '2');
INSERT INTO `sys_city_info` VALUES ('231605', '汉源县', '2');
INSERT INTO `sys_city_info` VALUES ('231606', '石棉县', '2');
INSERT INTO `sys_city_info` VALUES ('231607', '天全县', '2');
INSERT INTO `sys_city_info` VALUES ('231608', '芦山县', '2');
INSERT INTO `sys_city_info` VALUES ('231609', '宝兴县', '2');
INSERT INTO `sys_city_info` VALUES ('2317', '巴中市', '1');
INSERT INTO `sys_city_info` VALUES ('231701', '市辖区', '2');
INSERT INTO `sys_city_info` VALUES ('231702', '巴州区', '2');
INSERT INTO `sys_city_info` VALUES ('231703', '通江县', '2');
INSERT INTO `sys_city_info` VALUES ('231704', '南江县', '2');
INSERT INTO `sys_city_info` VALUES ('231705', '平昌县', '2');
INSERT INTO `sys_city_info` VALUES ('2318', '资阳市', '1');
INSERT INTO `sys_city_info` VALUES ('231801', '市辖区', '2');
INSERT INTO `sys_city_info` VALUES ('231802', '雁江区', '2');
INSERT INTO `sys_city_info` VALUES ('231803', '安岳县', '2');
INSERT INTO `sys_city_info` VALUES ('231804', '乐至县', '2');
INSERT INTO `sys_city_info` VALUES ('231805', '简阳市', '2');
INSERT INTO `sys_city_info` VALUES ('2319', '阿坝藏族羌族自治州', '1');
INSERT INTO `sys_city_info` VALUES ('231901', '汶川县', '2');
INSERT INTO `sys_city_info` VALUES ('231902', '理　县', '2');
INSERT INTO `sys_city_info` VALUES ('231903', '茂　县', '2');
INSERT INTO `sys_city_info` VALUES ('231904', '松潘县', '2');
INSERT INTO `sys_city_info` VALUES ('231905', '九寨沟县', '2');
INSERT INTO `sys_city_info` VALUES ('231906', '金川县', '2');
INSERT INTO `sys_city_info` VALUES ('231907', '小金县', '2');
INSERT INTO `sys_city_info` VALUES ('231908', '黑水县', '2');
INSERT INTO `sys_city_info` VALUES ('231909', '马尔康县', '2');
INSERT INTO `sys_city_info` VALUES ('231910', '壤塘县', '2');
INSERT INTO `sys_city_info` VALUES ('231911', '阿坝县', '2');
INSERT INTO `sys_city_info` VALUES ('231912', '若尔盖县', '2');
INSERT INTO `sys_city_info` VALUES ('231913', '红原县', '2');
INSERT INTO `sys_city_info` VALUES ('2320', '甘孜藏族自治州', '1');
INSERT INTO `sys_city_info` VALUES ('232001', '康定县', '2');
INSERT INTO `sys_city_info` VALUES ('232002', '泸定县', '2');
INSERT INTO `sys_city_info` VALUES ('232003', '丹巴县', '2');
INSERT INTO `sys_city_info` VALUES ('232004', '九龙县', '2');
INSERT INTO `sys_city_info` VALUES ('232005', '雅江县', '2');
INSERT INTO `sys_city_info` VALUES ('232006', '道孚县', '2');
INSERT INTO `sys_city_info` VALUES ('232007', '炉霍县', '2');
INSERT INTO `sys_city_info` VALUES ('232008', '甘孜县', '2');
INSERT INTO `sys_city_info` VALUES ('232009', '新龙县', '2');
INSERT INTO `sys_city_info` VALUES ('232010', '德格县', '2');
INSERT INTO `sys_city_info` VALUES ('232011', '白玉县', '2');
INSERT INTO `sys_city_info` VALUES ('232012', '石渠县', '2');
INSERT INTO `sys_city_info` VALUES ('232013', '色达县', '2');
INSERT INTO `sys_city_info` VALUES ('232014', '理塘县', '2');
INSERT INTO `sys_city_info` VALUES ('232015', '巴塘县', '2');
INSERT INTO `sys_city_info` VALUES ('232016', '乡城县', '2');
INSERT INTO `sys_city_info` VALUES ('232017', '稻城县', '2');
INSERT INTO `sys_city_info` VALUES ('232018', '得荣县', '2');
INSERT INTO `sys_city_info` VALUES ('2321', '凉山彝族自治州', '1');
INSERT INTO `sys_city_info` VALUES ('232101', '西昌市', '2');
INSERT INTO `sys_city_info` VALUES ('232102', '木里藏族自治县', '2');
INSERT INTO `sys_city_info` VALUES ('232103', '盐源县', '2');
INSERT INTO `sys_city_info` VALUES ('232104', '德昌县', '2');
INSERT INTO `sys_city_info` VALUES ('232105', '会理县', '2');
INSERT INTO `sys_city_info` VALUES ('232106', '会东县', '2');
INSERT INTO `sys_city_info` VALUES ('232107', '宁南县', '2');
INSERT INTO `sys_city_info` VALUES ('232108', '普格县', '2');
INSERT INTO `sys_city_info` VALUES ('232109', '布拖县', '2');
INSERT INTO `sys_city_info` VALUES ('232110', '金阳县', '2');
INSERT INTO `sys_city_info` VALUES ('232111', '昭觉县', '2');
INSERT INTO `sys_city_info` VALUES ('232112', '喜德县', '2');
INSERT INTO `sys_city_info` VALUES ('232113', '冕宁县', '2');
INSERT INTO `sys_city_info` VALUES ('232114', '越西县', '2');
INSERT INTO `sys_city_info` VALUES ('232115', '甘洛县', '2');
INSERT INTO `sys_city_info` VALUES ('232116', '美姑县', '2');
INSERT INTO `sys_city_info` VALUES ('232117', '雷波县', '2');
INSERT INTO `sys_city_info` VALUES ('24', '贵州省', '0');
INSERT INTO `sys_city_info` VALUES ('2401', '贵阳市', '1');
INSERT INTO `sys_city_info` VALUES ('240101', '市辖区', '2');
INSERT INTO `sys_city_info` VALUES ('240102', '南明区', '2');
INSERT INTO `sys_city_info` VALUES ('240103', '云岩区', '2');
INSERT INTO `sys_city_info` VALUES ('240104', '花溪区', '2');
INSERT INTO `sys_city_info` VALUES ('240105', '乌当区', '2');
INSERT INTO `sys_city_info` VALUES ('240106', '白云区', '2');
INSERT INTO `sys_city_info` VALUES ('240107', '小河区', '2');
INSERT INTO `sys_city_info` VALUES ('240108', '开阳县', '2');
INSERT INTO `sys_city_info` VALUES ('240109', '息烽县', '2');
INSERT INTO `sys_city_info` VALUES ('240110', '修文县', '2');
INSERT INTO `sys_city_info` VALUES ('240111', '清镇市', '2');
INSERT INTO `sys_city_info` VALUES ('2402', '六盘水市', '1');
INSERT INTO `sys_city_info` VALUES ('240201', '钟山区', '2');
INSERT INTO `sys_city_info` VALUES ('240202', '六枝特区', '2');
INSERT INTO `sys_city_info` VALUES ('240203', '水城县', '2');
INSERT INTO `sys_city_info` VALUES ('240204', '盘　县', '2');
INSERT INTO `sys_city_info` VALUES ('2403', '遵义市', '1');
INSERT INTO `sys_city_info` VALUES ('240301', '市辖区', '2');
INSERT INTO `sys_city_info` VALUES ('240302', '红花岗区', '2');
INSERT INTO `sys_city_info` VALUES ('240303', '汇川区', '2');
INSERT INTO `sys_city_info` VALUES ('240304', '遵义县', '2');
INSERT INTO `sys_city_info` VALUES ('240305', '桐梓县', '2');
INSERT INTO `sys_city_info` VALUES ('240306', '绥阳县', '2');
INSERT INTO `sys_city_info` VALUES ('240307', '正安县', '2');
INSERT INTO `sys_city_info` VALUES ('240308', '道真仡佬族苗族自治县', '2');
INSERT INTO `sys_city_info` VALUES ('240309', '务川仡佬族苗族自治县', '2');
INSERT INTO `sys_city_info` VALUES ('240310', '凤冈县', '2');
INSERT INTO `sys_city_info` VALUES ('240311', '湄潭县', '2');
INSERT INTO `sys_city_info` VALUES ('240312', '余庆县', '2');
INSERT INTO `sys_city_info` VALUES ('240313', '习水县', '2');
INSERT INTO `sys_city_info` VALUES ('240314', '赤水市', '2');
INSERT INTO `sys_city_info` VALUES ('240315', '仁怀市', '2');
INSERT INTO `sys_city_info` VALUES ('2404', '安顺市', '1');
INSERT INTO `sys_city_info` VALUES ('240401', '市辖区', '2');
INSERT INTO `sys_city_info` VALUES ('240402', '西秀区', '2');
INSERT INTO `sys_city_info` VALUES ('240403', '平坝县', '2');
INSERT INTO `sys_city_info` VALUES ('240404', '普定县', '2');
INSERT INTO `sys_city_info` VALUES ('240405', '镇宁布依族苗族自治县', '2');
INSERT INTO `sys_city_info` VALUES ('240406', '关岭布依族苗族自治县', '2');
INSERT INTO `sys_city_info` VALUES ('240407', '紫云苗族布依族自治县', '2');
INSERT INTO `sys_city_info` VALUES ('2405', '铜仁地区', '1');
INSERT INTO `sys_city_info` VALUES ('240501', '铜仁市', '2');
INSERT INTO `sys_city_info` VALUES ('240502', '江口县', '2');
INSERT INTO `sys_city_info` VALUES ('240503', '玉屏侗族自治县', '2');
INSERT INTO `sys_city_info` VALUES ('240504', '石阡县', '2');
INSERT INTO `sys_city_info` VALUES ('240505', '思南县', '2');
INSERT INTO `sys_city_info` VALUES ('240506', '印江土家族苗族自治县', '2');
INSERT INTO `sys_city_info` VALUES ('240507', '德江县', '2');
INSERT INTO `sys_city_info` VALUES ('240508', '沿河土家族自治县', '2');
INSERT INTO `sys_city_info` VALUES ('240509', '松桃苗族自治县', '2');
INSERT INTO `sys_city_info` VALUES ('240510', '万山特区', '2');
INSERT INTO `sys_city_info` VALUES ('2406', '黔西南布依族苗族自治州', '1');
INSERT INTO `sys_city_info` VALUES ('240601', '兴义市', '2');
INSERT INTO `sys_city_info` VALUES ('240602', '兴仁县', '2');
INSERT INTO `sys_city_info` VALUES ('240603', '普安县', '2');
INSERT INTO `sys_city_info` VALUES ('240604', '晴隆县', '2');
INSERT INTO `sys_city_info` VALUES ('240605', '贞丰县', '2');
INSERT INTO `sys_city_info` VALUES ('240606', '望谟县', '2');
INSERT INTO `sys_city_info` VALUES ('240607', '册亨县', '2');
INSERT INTO `sys_city_info` VALUES ('240608', '安龙县', '2');
INSERT INTO `sys_city_info` VALUES ('2407', '毕节地区', '1');
INSERT INTO `sys_city_info` VALUES ('240701', '毕节市', '2');
INSERT INTO `sys_city_info` VALUES ('240702', '大方县', '2');
INSERT INTO `sys_city_info` VALUES ('240703', '黔西县', '2');
INSERT INTO `sys_city_info` VALUES ('240704', '金沙县', '2');
INSERT INTO `sys_city_info` VALUES ('240705', '织金县', '2');
INSERT INTO `sys_city_info` VALUES ('240706', '纳雍县', '2');
INSERT INTO `sys_city_info` VALUES ('240707', '威宁彝族回族苗族自治县', '2');
INSERT INTO `sys_city_info` VALUES ('240708', '赫章县', '2');
INSERT INTO `sys_city_info` VALUES ('2408', '黔东南苗族侗族自治州', '1');
INSERT INTO `sys_city_info` VALUES ('240801', '凯里市', '2');
INSERT INTO `sys_city_info` VALUES ('240802', '黄平县', '2');
INSERT INTO `sys_city_info` VALUES ('240803', '施秉县', '2');
INSERT INTO `sys_city_info` VALUES ('240804', '三穗县', '2');
INSERT INTO `sys_city_info` VALUES ('240805', '镇远县', '2');
INSERT INTO `sys_city_info` VALUES ('240806', '岑巩县', '2');
INSERT INTO `sys_city_info` VALUES ('240807', '天柱县', '2');
INSERT INTO `sys_city_info` VALUES ('240808', '锦屏县', '2');
INSERT INTO `sys_city_info` VALUES ('240809', '剑河县', '2');
INSERT INTO `sys_city_info` VALUES ('240810', '台江县', '2');
INSERT INTO `sys_city_info` VALUES ('240811', '黎平县', '2');
INSERT INTO `sys_city_info` VALUES ('240812', '榕江县', '2');
INSERT INTO `sys_city_info` VALUES ('240813', '从江县', '2');
INSERT INTO `sys_city_info` VALUES ('240814', '雷山县', '2');
INSERT INTO `sys_city_info` VALUES ('240815', '麻江县', '2');
INSERT INTO `sys_city_info` VALUES ('240816', '丹寨县', '2');
INSERT INTO `sys_city_info` VALUES ('2409', '黔南布依族苗族自治州', '1');
INSERT INTO `sys_city_info` VALUES ('240901', '都匀市', '2');
INSERT INTO `sys_city_info` VALUES ('240902', '福泉市', '2');
INSERT INTO `sys_city_info` VALUES ('240903', '荔波县', '2');
INSERT INTO `sys_city_info` VALUES ('240904', '贵定县', '2');
INSERT INTO `sys_city_info` VALUES ('240905', '瓮安县', '2');
INSERT INTO `sys_city_info` VALUES ('240906', '独山县', '2');
INSERT INTO `sys_city_info` VALUES ('240907', '平塘县', '2');
INSERT INTO `sys_city_info` VALUES ('240908', '罗甸县', '2');
INSERT INTO `sys_city_info` VALUES ('240909', '长顺县', '2');
INSERT INTO `sys_city_info` VALUES ('240910', '龙里县', '2');
INSERT INTO `sys_city_info` VALUES ('240911', '惠水县', '2');
INSERT INTO `sys_city_info` VALUES ('240912', '三都水族自治县', '2');
INSERT INTO `sys_city_info` VALUES ('25', '云南省', '0');
INSERT INTO `sys_city_info` VALUES ('2501', '昆明市', '1');
INSERT INTO `sys_city_info` VALUES ('250101', '市辖区', '2');
INSERT INTO `sys_city_info` VALUES ('250102', '五华区', '2');
INSERT INTO `sys_city_info` VALUES ('250103', '盘龙区', '2');
INSERT INTO `sys_city_info` VALUES ('250104', '官渡区', '2');
INSERT INTO `sys_city_info` VALUES ('250105', '西山区', '2');
INSERT INTO `sys_city_info` VALUES ('250106', '东川区', '2');
INSERT INTO `sys_city_info` VALUES ('250107', '呈贡县', '2');
INSERT INTO `sys_city_info` VALUES ('250108', '晋宁县', '2');
INSERT INTO `sys_city_info` VALUES ('250109', '富民县', '2');
INSERT INTO `sys_city_info` VALUES ('250110', '宜良县', '2');
INSERT INTO `sys_city_info` VALUES ('250111', '石林彝族自治县', '2');
INSERT INTO `sys_city_info` VALUES ('250112', '嵩明县', '2');
INSERT INTO `sys_city_info` VALUES ('250113', '禄劝彝族苗族自治县', '2');
INSERT INTO `sys_city_info` VALUES ('250114', '寻甸回族彝族自治县', '2');
INSERT INTO `sys_city_info` VALUES ('250115', '安宁市', '2');
INSERT INTO `sys_city_info` VALUES ('2502', '曲靖市', '1');
INSERT INTO `sys_city_info` VALUES ('250201', '市辖区', '2');
INSERT INTO `sys_city_info` VALUES ('250202', '麒麟区', '2');
INSERT INTO `sys_city_info` VALUES ('250203', '马龙县', '2');
INSERT INTO `sys_city_info` VALUES ('250204', '陆良县', '2');
INSERT INTO `sys_city_info` VALUES ('250205', '师宗县', '2');
INSERT INTO `sys_city_info` VALUES ('250206', '罗平县', '2');
INSERT INTO `sys_city_info` VALUES ('250207', '富源县', '2');
INSERT INTO `sys_city_info` VALUES ('250208', '会泽县', '2');
INSERT INTO `sys_city_info` VALUES ('250209', '沾益县', '2');
INSERT INTO `sys_city_info` VALUES ('250210', '宣威市', '2');
INSERT INTO `sys_city_info` VALUES ('2503', '玉溪市', '1');
INSERT INTO `sys_city_info` VALUES ('250301', '市辖区', '2');
INSERT INTO `sys_city_info` VALUES ('250302', '红塔区', '2');
INSERT INTO `sys_city_info` VALUES ('250303', '江川县', '2');
INSERT INTO `sys_city_info` VALUES ('250304', '澄江县', '2');
INSERT INTO `sys_city_info` VALUES ('250305', '通海县', '2');
INSERT INTO `sys_city_info` VALUES ('250306', '华宁县', '2');
INSERT INTO `sys_city_info` VALUES ('250307', '易门县', '2');
INSERT INTO `sys_city_info` VALUES ('250308', '峨山彝族自治县', '2');
INSERT INTO `sys_city_info` VALUES ('250309', '新平彝族傣族自治县', '2');
INSERT INTO `sys_city_info` VALUES ('250310', '元江哈尼族彝族傣族自治县', '2');
INSERT INTO `sys_city_info` VALUES ('2504', '保山市', '1');
INSERT INTO `sys_city_info` VALUES ('250401', '市辖区', '2');
INSERT INTO `sys_city_info` VALUES ('250402', '隆阳区', '2');
INSERT INTO `sys_city_info` VALUES ('250403', '施甸县', '2');
INSERT INTO `sys_city_info` VALUES ('250404', '腾冲县', '2');
INSERT INTO `sys_city_info` VALUES ('250405', '龙陵县', '2');
INSERT INTO `sys_city_info` VALUES ('250406', '昌宁县', '2');
INSERT INTO `sys_city_info` VALUES ('2505', '昭通市', '1');
INSERT INTO `sys_city_info` VALUES ('250501', '市辖区', '2');
INSERT INTO `sys_city_info` VALUES ('250502', '昭阳区', '2');
INSERT INTO `sys_city_info` VALUES ('250503', '鲁甸县', '2');
INSERT INTO `sys_city_info` VALUES ('250504', '巧家县', '2');
INSERT INTO `sys_city_info` VALUES ('250505', '盐津县', '2');
INSERT INTO `sys_city_info` VALUES ('250506', '大关县', '2');
INSERT INTO `sys_city_info` VALUES ('250507', '永善县', '2');
INSERT INTO `sys_city_info` VALUES ('250508', '绥江县', '2');
INSERT INTO `sys_city_info` VALUES ('250509', '镇雄县', '2');
INSERT INTO `sys_city_info` VALUES ('250510', '彝良县', '2');
INSERT INTO `sys_city_info` VALUES ('250511', '威信县', '2');
INSERT INTO `sys_city_info` VALUES ('250512', '水富县', '2');
INSERT INTO `sys_city_info` VALUES ('2506', '丽江市', '1');
INSERT INTO `sys_city_info` VALUES ('250601', '市辖区', '2');
INSERT INTO `sys_city_info` VALUES ('250602', '古城区', '2');
INSERT INTO `sys_city_info` VALUES ('250603', '玉龙纳西族自治县', '2');
INSERT INTO `sys_city_info` VALUES ('250604', '永胜县', '2');
INSERT INTO `sys_city_info` VALUES ('250605', '华坪县', '2');
INSERT INTO `sys_city_info` VALUES ('250606', '宁蒗彝族自治县', '2');
INSERT INTO `sys_city_info` VALUES ('2507', '思茅市', '1');
INSERT INTO `sys_city_info` VALUES ('250701', '市辖区', '2');
INSERT INTO `sys_city_info` VALUES ('250702', '翠云区', '2');
INSERT INTO `sys_city_info` VALUES ('250703', '普洱哈尼族彝族自治县', '2');
INSERT INTO `sys_city_info` VALUES ('250704', '墨江哈尼族自治县', '2');
INSERT INTO `sys_city_info` VALUES ('250705', '景东彝族自治县', '2');
INSERT INTO `sys_city_info` VALUES ('250706', '景谷傣族彝族自治县', '2');
INSERT INTO `sys_city_info` VALUES ('250707', '镇沅彝族哈尼族拉祜族自治县', '2');
INSERT INTO `sys_city_info` VALUES ('250708', '江城哈尼族彝族自治县', '2');
INSERT INTO `sys_city_info` VALUES ('250709', '孟连傣族拉祜族佤族自治县', '2');
INSERT INTO `sys_city_info` VALUES ('250710', '澜沧拉祜族自治县', '2');
INSERT INTO `sys_city_info` VALUES ('250711', '西盟佤族自治县', '2');
INSERT INTO `sys_city_info` VALUES ('2508', '临沧市', '1');
INSERT INTO `sys_city_info` VALUES ('250801', '市辖区', '2');
INSERT INTO `sys_city_info` VALUES ('250802', '临翔区', '2');
INSERT INTO `sys_city_info` VALUES ('250803', '凤庆县', '2');
INSERT INTO `sys_city_info` VALUES ('250804', '云　县', '2');
INSERT INTO `sys_city_info` VALUES ('250805', '永德县', '2');
INSERT INTO `sys_city_info` VALUES ('250806', '镇康县', '2');
INSERT INTO `sys_city_info` VALUES ('250807', '双江拉祜族佤族布朗族傣族自治县', '2');
INSERT INTO `sys_city_info` VALUES ('250808', '耿马傣族佤族自治县', '2');
INSERT INTO `sys_city_info` VALUES ('250809', '沧源佤族自治县', '2');
INSERT INTO `sys_city_info` VALUES ('2509', '楚雄彝族自治州', '1');
INSERT INTO `sys_city_info` VALUES ('250901', '楚雄市', '2');
INSERT INTO `sys_city_info` VALUES ('250902', '双柏县', '2');
INSERT INTO `sys_city_info` VALUES ('250903', '牟定县', '2');
INSERT INTO `sys_city_info` VALUES ('250904', '南华县', '2');
INSERT INTO `sys_city_info` VALUES ('250905', '姚安县', '2');
INSERT INTO `sys_city_info` VALUES ('250906', '大姚县', '2');
INSERT INTO `sys_city_info` VALUES ('250907', '永仁县', '2');
INSERT INTO `sys_city_info` VALUES ('250908', '元谋县', '2');
INSERT INTO `sys_city_info` VALUES ('250909', '武定县', '2');
INSERT INTO `sys_city_info` VALUES ('250910', '禄丰县', '2');
INSERT INTO `sys_city_info` VALUES ('2510', '红河哈尼族彝族自治州', '1');
INSERT INTO `sys_city_info` VALUES ('251001', '个旧市', '2');
INSERT INTO `sys_city_info` VALUES ('251002', '开远市', '2');
INSERT INTO `sys_city_info` VALUES ('251003', '蒙自县', '2');
INSERT INTO `sys_city_info` VALUES ('251004', '屏边苗族自治县', '2');
INSERT INTO `sys_city_info` VALUES ('251005', '建水县', '2');
INSERT INTO `sys_city_info` VALUES ('251006', '石屏县', '2');
INSERT INTO `sys_city_info` VALUES ('251007', '弥勒县', '2');
INSERT INTO `sys_city_info` VALUES ('251008', '泸西县', '2');
INSERT INTO `sys_city_info` VALUES ('251009', '元阳县', '2');
INSERT INTO `sys_city_info` VALUES ('251010', '红河县', '2');
INSERT INTO `sys_city_info` VALUES ('251011', '金平苗族瑶族傣族自治县', '2');
INSERT INTO `sys_city_info` VALUES ('251012', '绿春县', '2');
INSERT INTO `sys_city_info` VALUES ('251013', '河口瑶族自治县', '2');
INSERT INTO `sys_city_info` VALUES ('2511', '文山壮族苗族自治州', '1');
INSERT INTO `sys_city_info` VALUES ('251101', '文山县', '2');
INSERT INTO `sys_city_info` VALUES ('251102', '砚山县', '2');
INSERT INTO `sys_city_info` VALUES ('251103', '西畴县', '2');
INSERT INTO `sys_city_info` VALUES ('251104', '麻栗坡县', '2');
INSERT INTO `sys_city_info` VALUES ('251105', '马关县', '2');
INSERT INTO `sys_city_info` VALUES ('251106', '丘北县', '2');
INSERT INTO `sys_city_info` VALUES ('251107', '广南县', '2');
INSERT INTO `sys_city_info` VALUES ('251108', '富宁县', '2');
INSERT INTO `sys_city_info` VALUES ('2512', '西双版纳傣族自治州', '1');
INSERT INTO `sys_city_info` VALUES ('251201', '景洪市', '2');
INSERT INTO `sys_city_info` VALUES ('251202', '勐海县', '2');
INSERT INTO `sys_city_info` VALUES ('251203', '勐腊县', '2');
INSERT INTO `sys_city_info` VALUES ('2513', '大理白族自治州', '1');
INSERT INTO `sys_city_info` VALUES ('251301', '大理市', '2');
INSERT INTO `sys_city_info` VALUES ('251302', '漾濞彝族自治县', '2');
INSERT INTO `sys_city_info` VALUES ('251303', '祥云县', '2');
INSERT INTO `sys_city_info` VALUES ('251304', '宾川县', '2');
INSERT INTO `sys_city_info` VALUES ('251305', '弥渡县', '2');
INSERT INTO `sys_city_info` VALUES ('251306', '南涧彝族自治县', '2');
INSERT INTO `sys_city_info` VALUES ('251307', '巍山彝族回族自治县', '2');
INSERT INTO `sys_city_info` VALUES ('251308', '永平县', '2');
INSERT INTO `sys_city_info` VALUES ('251309', '云龙县', '2');
INSERT INTO `sys_city_info` VALUES ('251310', '洱源县', '2');
INSERT INTO `sys_city_info` VALUES ('251311', '剑川县', '2');
INSERT INTO `sys_city_info` VALUES ('251312', '鹤庆县', '2');
INSERT INTO `sys_city_info` VALUES ('2514', '德宏傣族景颇族自治州', '1');
INSERT INTO `sys_city_info` VALUES ('251401', '瑞丽市', '2');
INSERT INTO `sys_city_info` VALUES ('251402', '潞西市', '2');
INSERT INTO `sys_city_info` VALUES ('251403', '梁河县', '2');
INSERT INTO `sys_city_info` VALUES ('251404', '盈江县', '2');
INSERT INTO `sys_city_info` VALUES ('251405', '陇川县', '2');
INSERT INTO `sys_city_info` VALUES ('2515', '怒江傈僳族自治州', '1');
INSERT INTO `sys_city_info` VALUES ('251501', '泸水县', '2');
INSERT INTO `sys_city_info` VALUES ('251502', '福贡县', '2');
INSERT INTO `sys_city_info` VALUES ('251503', '贡山独龙族怒族自治县', '2');
INSERT INTO `sys_city_info` VALUES ('251504', '兰坪白族普米族自治县', '2');
INSERT INTO `sys_city_info` VALUES ('2516', '迪庆藏族自治州', '1');
INSERT INTO `sys_city_info` VALUES ('251601', '香格里拉县', '2');
INSERT INTO `sys_city_info` VALUES ('251602', '德钦县', '2');
INSERT INTO `sys_city_info` VALUES ('251603', '维西傈僳族自治县', '2');
INSERT INTO `sys_city_info` VALUES ('26', '西藏自治区', '0');
INSERT INTO `sys_city_info` VALUES ('2601', '拉萨市', '1');
INSERT INTO `sys_city_info` VALUES ('260101', '市辖区', '2');
INSERT INTO `sys_city_info` VALUES ('260102', '城关区', '2');
INSERT INTO `sys_city_info` VALUES ('260103', '林周县', '2');
INSERT INTO `sys_city_info` VALUES ('260104', '当雄县', '2');
INSERT INTO `sys_city_info` VALUES ('260105', '尼木县', '2');
INSERT INTO `sys_city_info` VALUES ('260106', '曲水县', '2');
INSERT INTO `sys_city_info` VALUES ('260107', '堆龙德庆县', '2');
INSERT INTO `sys_city_info` VALUES ('260108', '达孜县', '2');
INSERT INTO `sys_city_info` VALUES ('260109', '墨竹工卡县', '2');
INSERT INTO `sys_city_info` VALUES ('2602', '昌都地区', '1');
INSERT INTO `sys_city_info` VALUES ('260201', '昌都县', '2');
INSERT INTO `sys_city_info` VALUES ('260202', '江达县', '2');
INSERT INTO `sys_city_info` VALUES ('260203', '贡觉县', '2');
INSERT INTO `sys_city_info` VALUES ('260204', '类乌齐县', '2');
INSERT INTO `sys_city_info` VALUES ('260205', '丁青县', '2');
INSERT INTO `sys_city_info` VALUES ('260206', '察雅县', '2');
INSERT INTO `sys_city_info` VALUES ('260207', '八宿县', '2');
INSERT INTO `sys_city_info` VALUES ('260208', '左贡县', '2');
INSERT INTO `sys_city_info` VALUES ('260209', '芒康县', '2');
INSERT INTO `sys_city_info` VALUES ('260210', '洛隆县', '2');
INSERT INTO `sys_city_info` VALUES ('260211', '边坝县', '2');
INSERT INTO `sys_city_info` VALUES ('2603', '山南地区', '1');
INSERT INTO `sys_city_info` VALUES ('260301', '乃东县', '2');
INSERT INTO `sys_city_info` VALUES ('260302', '扎囊县', '2');
INSERT INTO `sys_city_info` VALUES ('260303', '贡嘎县', '2');
INSERT INTO `sys_city_info` VALUES ('260304', '桑日县', '2');
INSERT INTO `sys_city_info` VALUES ('260305', '琼结县', '2');
INSERT INTO `sys_city_info` VALUES ('260306', '曲松县', '2');
INSERT INTO `sys_city_info` VALUES ('260307', '措美县', '2');
INSERT INTO `sys_city_info` VALUES ('260308', '洛扎县', '2');
INSERT INTO `sys_city_info` VALUES ('260309', '加查县', '2');
INSERT INTO `sys_city_info` VALUES ('260310', '隆子县', '2');
INSERT INTO `sys_city_info` VALUES ('260311', '错那县', '2');
INSERT INTO `sys_city_info` VALUES ('260312', '浪卡子县', '2');
INSERT INTO `sys_city_info` VALUES ('2604', '日喀则地区', '1');
INSERT INTO `sys_city_info` VALUES ('260401', '日喀则市', '2');
INSERT INTO `sys_city_info` VALUES ('260402', '南木林县', '2');
INSERT INTO `sys_city_info` VALUES ('260403', '江孜县', '2');
INSERT INTO `sys_city_info` VALUES ('260404', '定日县', '2');
INSERT INTO `sys_city_info` VALUES ('260405', '萨迦县', '2');
INSERT INTO `sys_city_info` VALUES ('260406', '拉孜县', '2');
INSERT INTO `sys_city_info` VALUES ('260407', '昂仁县', '2');
INSERT INTO `sys_city_info` VALUES ('260408', '谢通门县', '2');
INSERT INTO `sys_city_info` VALUES ('260409', '白朗县', '2');
INSERT INTO `sys_city_info` VALUES ('260410', '仁布县', '2');
INSERT INTO `sys_city_info` VALUES ('260411', '康马县', '2');
INSERT INTO `sys_city_info` VALUES ('260412', '定结县', '2');
INSERT INTO `sys_city_info` VALUES ('260413', '仲巴县', '2');
INSERT INTO `sys_city_info` VALUES ('260414', '亚东县', '2');
INSERT INTO `sys_city_info` VALUES ('260415', '吉隆县', '2');
INSERT INTO `sys_city_info` VALUES ('260416', '聂拉木县', '2');
INSERT INTO `sys_city_info` VALUES ('260417', '萨嘎县', '2');
INSERT INTO `sys_city_info` VALUES ('260418', '岗巴县', '2');
INSERT INTO `sys_city_info` VALUES ('2605', '那曲地区', '1');
INSERT INTO `sys_city_info` VALUES ('260501', '那曲县', '2');
INSERT INTO `sys_city_info` VALUES ('260502', '嘉黎县', '2');
INSERT INTO `sys_city_info` VALUES ('260503', '比如县', '2');
INSERT INTO `sys_city_info` VALUES ('260504', '聂荣县', '2');
INSERT INTO `sys_city_info` VALUES ('260505', '安多县', '2');
INSERT INTO `sys_city_info` VALUES ('260506', '申扎县', '2');
INSERT INTO `sys_city_info` VALUES ('260507', '索　县', '2');
INSERT INTO `sys_city_info` VALUES ('260508', '班戈县', '2');
INSERT INTO `sys_city_info` VALUES ('260509', '巴青县', '2');
INSERT INTO `sys_city_info` VALUES ('260510', '尼玛县', '2');
INSERT INTO `sys_city_info` VALUES ('2606', '阿里地区', '1');
INSERT INTO `sys_city_info` VALUES ('260601', '普兰县', '2');
INSERT INTO `sys_city_info` VALUES ('260602', '札达县', '2');
INSERT INTO `sys_city_info` VALUES ('260603', '噶尔县', '2');
INSERT INTO `sys_city_info` VALUES ('260604', '日土县', '2');
INSERT INTO `sys_city_info` VALUES ('260605', '革吉县', '2');
INSERT INTO `sys_city_info` VALUES ('260606', '改则县', '2');
INSERT INTO `sys_city_info` VALUES ('260607', '措勤县', '2');
INSERT INTO `sys_city_info` VALUES ('2607', '林芝地区', '1');
INSERT INTO `sys_city_info` VALUES ('260701', '林芝县', '2');
INSERT INTO `sys_city_info` VALUES ('260702', '工布江达县', '2');
INSERT INTO `sys_city_info` VALUES ('260703', '米林县', '2');
INSERT INTO `sys_city_info` VALUES ('260704', '墨脱县', '2');
INSERT INTO `sys_city_info` VALUES ('260705', '波密县', '2');
INSERT INTO `sys_city_info` VALUES ('260706', '察隅县', '2');
INSERT INTO `sys_city_info` VALUES ('260707', '朗　县', '2');
INSERT INTO `sys_city_info` VALUES ('27', '陕西省', '0');
INSERT INTO `sys_city_info` VALUES ('2701', '西安市', '1');
INSERT INTO `sys_city_info` VALUES ('270101', '市辖区', '2');
INSERT INTO `sys_city_info` VALUES ('270102', '新城区', '2');
INSERT INTO `sys_city_info` VALUES ('270103', '碑林区', '2');
INSERT INTO `sys_city_info` VALUES ('270104', '莲湖区', '2');
INSERT INTO `sys_city_info` VALUES ('270105', '灞桥区', '2');
INSERT INTO `sys_city_info` VALUES ('270106', '未央区', '2');
INSERT INTO `sys_city_info` VALUES ('270107', '雁塔区', '2');
INSERT INTO `sys_city_info` VALUES ('270108', '阎良区', '2');
INSERT INTO `sys_city_info` VALUES ('270109', '临潼区', '2');
INSERT INTO `sys_city_info` VALUES ('270110', '长安区', '2');
INSERT INTO `sys_city_info` VALUES ('270111', '蓝田县', '2');
INSERT INTO `sys_city_info` VALUES ('270112', '周至县', '2');
INSERT INTO `sys_city_info` VALUES ('270113', '户　县', '2');
INSERT INTO `sys_city_info` VALUES ('270114', '高陵县', '2');
INSERT INTO `sys_city_info` VALUES ('2702', '铜川市', '1');
INSERT INTO `sys_city_info` VALUES ('270201', '市辖区', '2');
INSERT INTO `sys_city_info` VALUES ('270202', '王益区', '2');
INSERT INTO `sys_city_info` VALUES ('270203', '印台区', '2');
INSERT INTO `sys_city_info` VALUES ('270204', '耀州区', '2');
INSERT INTO `sys_city_info` VALUES ('270205', '宜君县', '2');
INSERT INTO `sys_city_info` VALUES ('2703', '宝鸡市', '1');
INSERT INTO `sys_city_info` VALUES ('270301', '市辖区', '2');
INSERT INTO `sys_city_info` VALUES ('270302', '渭滨区', '2');
INSERT INTO `sys_city_info` VALUES ('270303', '金台区', '2');
INSERT INTO `sys_city_info` VALUES ('270304', '陈仓区', '2');
INSERT INTO `sys_city_info` VALUES ('270305', '凤翔县', '2');
INSERT INTO `sys_city_info` VALUES ('270306', '岐山县', '2');
INSERT INTO `sys_city_info` VALUES ('270307', '扶风县', '2');
INSERT INTO `sys_city_info` VALUES ('270308', '眉　县', '2');
INSERT INTO `sys_city_info` VALUES ('270309', '陇　县', '2');
INSERT INTO `sys_city_info` VALUES ('270310', '千阳县', '2');
INSERT INTO `sys_city_info` VALUES ('270311', '麟游县', '2');
INSERT INTO `sys_city_info` VALUES ('270312', '凤　县', '2');
INSERT INTO `sys_city_info` VALUES ('270313', '太白县', '2');
INSERT INTO `sys_city_info` VALUES ('2704', '咸阳市', '1');
INSERT INTO `sys_city_info` VALUES ('270401', '市辖区', '2');
INSERT INTO `sys_city_info` VALUES ('270402', '秦都区', '2');
INSERT INTO `sys_city_info` VALUES ('270403', '杨凌区', '2');
INSERT INTO `sys_city_info` VALUES ('270404', '渭城区', '2');
INSERT INTO `sys_city_info` VALUES ('270405', '三原县', '2');
INSERT INTO `sys_city_info` VALUES ('270406', '泾阳县', '2');
INSERT INTO `sys_city_info` VALUES ('270407', '乾　县', '2');
INSERT INTO `sys_city_info` VALUES ('270408', '礼泉县', '2');
INSERT INTO `sys_city_info` VALUES ('270409', '永寿县', '2');
INSERT INTO `sys_city_info` VALUES ('270410', '彬　县', '2');
INSERT INTO `sys_city_info` VALUES ('270411', '长武县', '2');
INSERT INTO `sys_city_info` VALUES ('270412', '旬邑县', '2');
INSERT INTO `sys_city_info` VALUES ('270413', '淳化县', '2');
INSERT INTO `sys_city_info` VALUES ('270414', '武功县', '2');
INSERT INTO `sys_city_info` VALUES ('270415', '兴平市', '2');
INSERT INTO `sys_city_info` VALUES ('2705', '渭南市', '1');
INSERT INTO `sys_city_info` VALUES ('270501', '市辖区', '2');
INSERT INTO `sys_city_info` VALUES ('270502', '临渭区', '2');
INSERT INTO `sys_city_info` VALUES ('270503', '华　县', '2');
INSERT INTO `sys_city_info` VALUES ('270504', '潼关县', '2');
INSERT INTO `sys_city_info` VALUES ('270505', '大荔县', '2');
INSERT INTO `sys_city_info` VALUES ('270506', '合阳县', '2');
INSERT INTO `sys_city_info` VALUES ('270507', '澄城县', '2');
INSERT INTO `sys_city_info` VALUES ('270508', '蒲城县', '2');
INSERT INTO `sys_city_info` VALUES ('270509', '白水县', '2');
INSERT INTO `sys_city_info` VALUES ('270510', '富平县', '2');
INSERT INTO `sys_city_info` VALUES ('270511', '韩城市', '2');
INSERT INTO `sys_city_info` VALUES ('270512', '华阴市', '2');
INSERT INTO `sys_city_info` VALUES ('2706', '延安市', '1');
INSERT INTO `sys_city_info` VALUES ('270601', '市辖区', '2');
INSERT INTO `sys_city_info` VALUES ('270602', '宝塔区', '2');
INSERT INTO `sys_city_info` VALUES ('270603', '延长县', '2');
INSERT INTO `sys_city_info` VALUES ('270604', '延川县', '2');
INSERT INTO `sys_city_info` VALUES ('270605', '子长县', '2');
INSERT INTO `sys_city_info` VALUES ('270606', '安塞县', '2');
INSERT INTO `sys_city_info` VALUES ('270607', '志丹县', '2');
INSERT INTO `sys_city_info` VALUES ('270608', '吴旗县', '2');
INSERT INTO `sys_city_info` VALUES ('270609', '甘泉县', '2');
INSERT INTO `sys_city_info` VALUES ('270610', '富　县', '2');
INSERT INTO `sys_city_info` VALUES ('270611', '洛川县', '2');
INSERT INTO `sys_city_info` VALUES ('270612', '宜川县', '2');
INSERT INTO `sys_city_info` VALUES ('270613', '黄龙县', '2');
INSERT INTO `sys_city_info` VALUES ('270614', '黄陵县', '2');
INSERT INTO `sys_city_info` VALUES ('2707', '汉中市', '1');
INSERT INTO `sys_city_info` VALUES ('270701', '市辖区', '2');
INSERT INTO `sys_city_info` VALUES ('270702', '汉台区', '2');
INSERT INTO `sys_city_info` VALUES ('270703', '南郑县', '2');
INSERT INTO `sys_city_info` VALUES ('270704', '城固县', '2');
INSERT INTO `sys_city_info` VALUES ('270705', '洋　县', '2');
INSERT INTO `sys_city_info` VALUES ('270706', '西乡县', '2');
INSERT INTO `sys_city_info` VALUES ('270707', '勉　县', '2');
INSERT INTO `sys_city_info` VALUES ('270708', '宁强县', '2');
INSERT INTO `sys_city_info` VALUES ('270709', '略阳县', '2');
INSERT INTO `sys_city_info` VALUES ('270710', '镇巴县', '2');
INSERT INTO `sys_city_info` VALUES ('270711', '留坝县', '2');
INSERT INTO `sys_city_info` VALUES ('270712', '佛坪县', '2');
INSERT INTO `sys_city_info` VALUES ('2708', '榆林市', '1');
INSERT INTO `sys_city_info` VALUES ('270801', '市辖区', '2');
INSERT INTO `sys_city_info` VALUES ('270802', '榆阳区', '2');
INSERT INTO `sys_city_info` VALUES ('270803', '神木县', '2');
INSERT INTO `sys_city_info` VALUES ('270804', '府谷县', '2');
INSERT INTO `sys_city_info` VALUES ('270805', '横山县', '2');
INSERT INTO `sys_city_info` VALUES ('270806', '靖边县', '2');
INSERT INTO `sys_city_info` VALUES ('270807', '定边县', '2');
INSERT INTO `sys_city_info` VALUES ('270808', '绥德县', '2');
INSERT INTO `sys_city_info` VALUES ('270809', '米脂县', '2');
INSERT INTO `sys_city_info` VALUES ('270810', '佳　县', '2');
INSERT INTO `sys_city_info` VALUES ('270811', '吴堡县', '2');
INSERT INTO `sys_city_info` VALUES ('270812', '清涧县', '2');
INSERT INTO `sys_city_info` VALUES ('270813', '子洲县', '2');
INSERT INTO `sys_city_info` VALUES ('2709', '安康市', '1');
INSERT INTO `sys_city_info` VALUES ('270901', '市辖区', '2');
INSERT INTO `sys_city_info` VALUES ('270902', '汉滨区', '2');
INSERT INTO `sys_city_info` VALUES ('270903', '汉阴县', '2');
INSERT INTO `sys_city_info` VALUES ('270904', '石泉县', '2');
INSERT INTO `sys_city_info` VALUES ('270905', '宁陕县', '2');
INSERT INTO `sys_city_info` VALUES ('270906', '紫阳县', '2');
INSERT INTO `sys_city_info` VALUES ('270907', '岚皋县', '2');
INSERT INTO `sys_city_info` VALUES ('270908', '平利县', '2');
INSERT INTO `sys_city_info` VALUES ('270909', '镇坪县', '2');
INSERT INTO `sys_city_info` VALUES ('270910', '旬阳县', '2');
INSERT INTO `sys_city_info` VALUES ('270911', '白河县', '2');
INSERT INTO `sys_city_info` VALUES ('2710', '商洛市', '1');
INSERT INTO `sys_city_info` VALUES ('271001', '市辖区', '2');
INSERT INTO `sys_city_info` VALUES ('271002', '商州区', '2');
INSERT INTO `sys_city_info` VALUES ('271003', '洛南县', '2');
INSERT INTO `sys_city_info` VALUES ('271004', '丹凤县', '2');
INSERT INTO `sys_city_info` VALUES ('271005', '商南县', '2');
INSERT INTO `sys_city_info` VALUES ('271006', '山阳县', '2');
INSERT INTO `sys_city_info` VALUES ('271007', '镇安县', '2');
INSERT INTO `sys_city_info` VALUES ('271008', '柞水县', '2');
INSERT INTO `sys_city_info` VALUES ('28', '甘肃省', '0');
INSERT INTO `sys_city_info` VALUES ('2801', '兰州市', '1');
INSERT INTO `sys_city_info` VALUES ('280101', '市辖区', '2');
INSERT INTO `sys_city_info` VALUES ('280102', '城关区', '2');
INSERT INTO `sys_city_info` VALUES ('280103', '七里河区', '2');
INSERT INTO `sys_city_info` VALUES ('280104', '西固区', '2');
INSERT INTO `sys_city_info` VALUES ('280105', '安宁区', '2');
INSERT INTO `sys_city_info` VALUES ('280106', '红古区', '2');
INSERT INTO `sys_city_info` VALUES ('280107', '永登县', '2');
INSERT INTO `sys_city_info` VALUES ('280108', '皋兰县', '2');
INSERT INTO `sys_city_info` VALUES ('280109', '榆中县', '2');
INSERT INTO `sys_city_info` VALUES ('2802', '嘉峪关市', '1');
INSERT INTO `sys_city_info` VALUES ('280201', '市辖区', '2');
INSERT INTO `sys_city_info` VALUES ('2803', '金昌市', '1');
INSERT INTO `sys_city_info` VALUES ('280301', '市辖区', '2');
INSERT INTO `sys_city_info` VALUES ('280302', '金川区', '2');
INSERT INTO `sys_city_info` VALUES ('280303', '永昌县', '2');
INSERT INTO `sys_city_info` VALUES ('2804', '白银市', '1');
INSERT INTO `sys_city_info` VALUES ('280401', '市辖区', '2');
INSERT INTO `sys_city_info` VALUES ('280402', '白银区', '2');
INSERT INTO `sys_city_info` VALUES ('280403', '平川区', '2');
INSERT INTO `sys_city_info` VALUES ('280404', '靖远县', '2');
INSERT INTO `sys_city_info` VALUES ('280405', '会宁县', '2');
INSERT INTO `sys_city_info` VALUES ('280406', '景泰县', '2');
INSERT INTO `sys_city_info` VALUES ('2805', '天水市', '1');
INSERT INTO `sys_city_info` VALUES ('280501', '市辖区', '2');
INSERT INTO `sys_city_info` VALUES ('280502', '秦城区', '2');
INSERT INTO `sys_city_info` VALUES ('280503', '北道区', '2');
INSERT INTO `sys_city_info` VALUES ('280504', '清水县', '2');
INSERT INTO `sys_city_info` VALUES ('280505', '秦安县', '2');
INSERT INTO `sys_city_info` VALUES ('280506', '甘谷县', '2');
INSERT INTO `sys_city_info` VALUES ('280507', '武山县', '2');
INSERT INTO `sys_city_info` VALUES ('280508', '张家川回族自治县', '2');
INSERT INTO `sys_city_info` VALUES ('2806', '武威市', '1');
INSERT INTO `sys_city_info` VALUES ('280601', '市辖区', '2');
INSERT INTO `sys_city_info` VALUES ('280602', '凉州区', '2');
INSERT INTO `sys_city_info` VALUES ('280603', '民勤县', '2');
INSERT INTO `sys_city_info` VALUES ('280604', '古浪县', '2');
INSERT INTO `sys_city_info` VALUES ('280605', '天祝藏族自治县', '2');
INSERT INTO `sys_city_info` VALUES ('2807', '张掖市', '1');
INSERT INTO `sys_city_info` VALUES ('280701', '市辖区', '2');
INSERT INTO `sys_city_info` VALUES ('280702', '甘州区', '2');
INSERT INTO `sys_city_info` VALUES ('280703', '肃南裕固族自治县', '2');
INSERT INTO `sys_city_info` VALUES ('280704', '民乐县', '2');
INSERT INTO `sys_city_info` VALUES ('280705', '临泽县', '2');
INSERT INTO `sys_city_info` VALUES ('280706', '高台县', '2');
INSERT INTO `sys_city_info` VALUES ('280707', '山丹县', '2');
INSERT INTO `sys_city_info` VALUES ('2808', '平凉市', '1');
INSERT INTO `sys_city_info` VALUES ('280801', '市辖区', '2');
INSERT INTO `sys_city_info` VALUES ('280802', '崆峒区', '2');
INSERT INTO `sys_city_info` VALUES ('280803', '泾川县', '2');
INSERT INTO `sys_city_info` VALUES ('280804', '灵台县', '2');
INSERT INTO `sys_city_info` VALUES ('280805', '崇信县', '2');
INSERT INTO `sys_city_info` VALUES ('280806', '华亭县', '2');
INSERT INTO `sys_city_info` VALUES ('280807', '庄浪县', '2');
INSERT INTO `sys_city_info` VALUES ('280808', '静宁县', '2');
INSERT INTO `sys_city_info` VALUES ('2809', '酒泉市', '1');
INSERT INTO `sys_city_info` VALUES ('280901', '市辖区', '2');
INSERT INTO `sys_city_info` VALUES ('280902', '肃州区', '2');
INSERT INTO `sys_city_info` VALUES ('280903', '金塔县', '2');
INSERT INTO `sys_city_info` VALUES ('280904', '安西县', '2');
INSERT INTO `sys_city_info` VALUES ('280905', '肃北蒙古族自治县', '2');
INSERT INTO `sys_city_info` VALUES ('280906', '阿克塞哈萨克族自治县', '2');
INSERT INTO `sys_city_info` VALUES ('280907', '玉门市', '2');
INSERT INTO `sys_city_info` VALUES ('280908', '敦煌市', '2');
INSERT INTO `sys_city_info` VALUES ('2810', '庆阳市', '1');
INSERT INTO `sys_city_info` VALUES ('281001', '市辖区', '2');
INSERT INTO `sys_city_info` VALUES ('281002', '西峰区', '2');
INSERT INTO `sys_city_info` VALUES ('281003', '庆城县', '2');
INSERT INTO `sys_city_info` VALUES ('281004', '环　县', '2');
INSERT INTO `sys_city_info` VALUES ('281005', '华池县', '2');
INSERT INTO `sys_city_info` VALUES ('281006', '合水县', '2');
INSERT INTO `sys_city_info` VALUES ('281007', '正宁县', '2');
INSERT INTO `sys_city_info` VALUES ('281008', '宁　县', '2');
INSERT INTO `sys_city_info` VALUES ('281009', '镇原县', '2');
INSERT INTO `sys_city_info` VALUES ('2811', '定西市', '1');
INSERT INTO `sys_city_info` VALUES ('281101', '市辖区', '2');
INSERT INTO `sys_city_info` VALUES ('281102', '安定区', '2');
INSERT INTO `sys_city_info` VALUES ('281103', '通渭县', '2');
INSERT INTO `sys_city_info` VALUES ('281104', '陇西县', '2');
INSERT INTO `sys_city_info` VALUES ('281105', '渭源县', '2');
INSERT INTO `sys_city_info` VALUES ('281106', '临洮县', '2');
INSERT INTO `sys_city_info` VALUES ('281107', '漳　县', '2');
INSERT INTO `sys_city_info` VALUES ('281108', '岷　县', '2');
INSERT INTO `sys_city_info` VALUES ('2812', '陇南市', '1');
INSERT INTO `sys_city_info` VALUES ('281201', '市辖区', '2');
INSERT INTO `sys_city_info` VALUES ('281202', '武都区', '2');
INSERT INTO `sys_city_info` VALUES ('281203', '成　县', '2');
INSERT INTO `sys_city_info` VALUES ('281204', '文　县', '2');
INSERT INTO `sys_city_info` VALUES ('281205', '宕昌县', '2');
INSERT INTO `sys_city_info` VALUES ('281206', '康　县', '2');
INSERT INTO `sys_city_info` VALUES ('281207', '西和县', '2');
INSERT INTO `sys_city_info` VALUES ('281208', '礼　县', '2');
INSERT INTO `sys_city_info` VALUES ('281209', '徽　县', '2');
INSERT INTO `sys_city_info` VALUES ('281210', '两当县', '2');
INSERT INTO `sys_city_info` VALUES ('2813', '临夏回族自治州', '1');
INSERT INTO `sys_city_info` VALUES ('281301', '临夏市', '2');
INSERT INTO `sys_city_info` VALUES ('281302', '临夏县', '2');
INSERT INTO `sys_city_info` VALUES ('281303', '康乐县', '2');
INSERT INTO `sys_city_info` VALUES ('281304', '永靖县', '2');
INSERT INTO `sys_city_info` VALUES ('281305', '广河县', '2');
INSERT INTO `sys_city_info` VALUES ('281306', '和政县', '2');
INSERT INTO `sys_city_info` VALUES ('281307', '东乡族自治县', '2');
INSERT INTO `sys_city_info` VALUES ('281308', '积石山保安族东乡族撒拉族自治县', '2');
INSERT INTO `sys_city_info` VALUES ('2814', '甘南藏族自治州', '1');
INSERT INTO `sys_city_info` VALUES ('281401', '合作市', '2');
INSERT INTO `sys_city_info` VALUES ('281402', '临潭县', '2');
INSERT INTO `sys_city_info` VALUES ('281403', '卓尼县', '2');
INSERT INTO `sys_city_info` VALUES ('281404', '舟曲县', '2');
INSERT INTO `sys_city_info` VALUES ('281405', '迭部县', '2');
INSERT INTO `sys_city_info` VALUES ('281406', '玛曲县', '2');
INSERT INTO `sys_city_info` VALUES ('281407', '碌曲县', '2');
INSERT INTO `sys_city_info` VALUES ('281408', '夏河县', '2');
INSERT INTO `sys_city_info` VALUES ('29', '青海省', '0');
INSERT INTO `sys_city_info` VALUES ('2901', '西宁市', '1');
INSERT INTO `sys_city_info` VALUES ('290101', '市辖区', '2');
INSERT INTO `sys_city_info` VALUES ('290102', '城东区', '2');
INSERT INTO `sys_city_info` VALUES ('290103', '城中区', '2');
INSERT INTO `sys_city_info` VALUES ('290104', '城西区', '2');
INSERT INTO `sys_city_info` VALUES ('290105', '城北区', '2');
INSERT INTO `sys_city_info` VALUES ('290106', '大通回族土族自治县', '2');
INSERT INTO `sys_city_info` VALUES ('290107', '湟中县', '2');
INSERT INTO `sys_city_info` VALUES ('290108', '湟源县', '2');
INSERT INTO `sys_city_info` VALUES ('2902', '海东地区', '1');
INSERT INTO `sys_city_info` VALUES ('290201', '平安县', '2');
INSERT INTO `sys_city_info` VALUES ('290202', '民和回族土族自治县', '2');
INSERT INTO `sys_city_info` VALUES ('290203', '乐都县', '2');
INSERT INTO `sys_city_info` VALUES ('290204', '互助土族自治县', '2');
INSERT INTO `sys_city_info` VALUES ('290205', '化隆回族自治县', '2');
INSERT INTO `sys_city_info` VALUES ('290206', '循化撒拉族自治县', '2');
INSERT INTO `sys_city_info` VALUES ('2903', '海北藏族自治州', '1');
INSERT INTO `sys_city_info` VALUES ('290301', '门源回族自治县', '2');
INSERT INTO `sys_city_info` VALUES ('290302', '祁连县', '2');
INSERT INTO `sys_city_info` VALUES ('290303', '海晏县', '2');
INSERT INTO `sys_city_info` VALUES ('290304', '刚察县', '2');
INSERT INTO `sys_city_info` VALUES ('2904', '黄南藏族自治州', '1');
INSERT INTO `sys_city_info` VALUES ('290401', '同仁县', '2');
INSERT INTO `sys_city_info` VALUES ('290402', '尖扎县', '2');
INSERT INTO `sys_city_info` VALUES ('290403', '泽库县', '2');
INSERT INTO `sys_city_info` VALUES ('290404', '河南蒙古族自治县', '2');
INSERT INTO `sys_city_info` VALUES ('2905', '海南藏族自治州', '1');
INSERT INTO `sys_city_info` VALUES ('290501', '共和县', '2');
INSERT INTO `sys_city_info` VALUES ('290502', '同德县', '2');
INSERT INTO `sys_city_info` VALUES ('290503', '贵德县', '2');
INSERT INTO `sys_city_info` VALUES ('290504', '兴海县', '2');
INSERT INTO `sys_city_info` VALUES ('290505', '贵南县', '2');
INSERT INTO `sys_city_info` VALUES ('2906', '果洛藏族自治州', '1');
INSERT INTO `sys_city_info` VALUES ('290601', '玛沁县', '2');
INSERT INTO `sys_city_info` VALUES ('290602', '班玛县', '2');
INSERT INTO `sys_city_info` VALUES ('290603', '甘德县', '2');
INSERT INTO `sys_city_info` VALUES ('290604', '达日县', '2');
INSERT INTO `sys_city_info` VALUES ('290605', '久治县', '2');
INSERT INTO `sys_city_info` VALUES ('290606', '玛多县', '2');
INSERT INTO `sys_city_info` VALUES ('2907', '玉树藏族自治州', '1');
INSERT INTO `sys_city_info` VALUES ('290701', '玉树县', '2');
INSERT INTO `sys_city_info` VALUES ('290702', '杂多县', '2');
INSERT INTO `sys_city_info` VALUES ('290703', '称多县', '2');
INSERT INTO `sys_city_info` VALUES ('290704', '治多县', '2');
INSERT INTO `sys_city_info` VALUES ('290705', '囊谦县', '2');
INSERT INTO `sys_city_info` VALUES ('290706', '曲麻莱县', '2');
INSERT INTO `sys_city_info` VALUES ('2908', '海西蒙古族藏族自治州', '1');
INSERT INTO `sys_city_info` VALUES ('290801', '格尔木市', '2');
INSERT INTO `sys_city_info` VALUES ('290802', '德令哈市', '2');
INSERT INTO `sys_city_info` VALUES ('290803', '乌兰县', '2');
INSERT INTO `sys_city_info` VALUES ('290804', '都兰县', '2');
INSERT INTO `sys_city_info` VALUES ('290805', '天峻县', '2');
INSERT INTO `sys_city_info` VALUES ('30', '宁夏回族自治区', '0');
INSERT INTO `sys_city_info` VALUES ('3001', '银川市', '1');
INSERT INTO `sys_city_info` VALUES ('300101', '市辖区', '2');
INSERT INTO `sys_city_info` VALUES ('300102', '兴庆区', '2');
INSERT INTO `sys_city_info` VALUES ('300103', '西夏区', '2');
INSERT INTO `sys_city_info` VALUES ('300104', '金凤区', '2');
INSERT INTO `sys_city_info` VALUES ('300105', '永宁县', '2');
INSERT INTO `sys_city_info` VALUES ('300106', '贺兰县', '2');
INSERT INTO `sys_city_info` VALUES ('300107', '灵武市', '2');
INSERT INTO `sys_city_info` VALUES ('3002', '石嘴山市', '1');
INSERT INTO `sys_city_info` VALUES ('300201', '市辖区', '2');
INSERT INTO `sys_city_info` VALUES ('300202', '大武口区', '2');
INSERT INTO `sys_city_info` VALUES ('300203', '惠农区', '2');
INSERT INTO `sys_city_info` VALUES ('300204', '平罗县', '2');
INSERT INTO `sys_city_info` VALUES ('3003', '吴忠市', '1');
INSERT INTO `sys_city_info` VALUES ('300301', '市辖区', '2');
INSERT INTO `sys_city_info` VALUES ('300302', '利通区', '2');
INSERT INTO `sys_city_info` VALUES ('300303', '盐池县', '2');
INSERT INTO `sys_city_info` VALUES ('300304', '同心县', '2');
INSERT INTO `sys_city_info` VALUES ('300305', '青铜峡市', '2');
INSERT INTO `sys_city_info` VALUES ('3004', '固原市', '1');
INSERT INTO `sys_city_info` VALUES ('300401', '市辖区', '2');
INSERT INTO `sys_city_info` VALUES ('300402', '原州区', '2');
INSERT INTO `sys_city_info` VALUES ('300403', '西吉县', '2');
INSERT INTO `sys_city_info` VALUES ('300404', '隆德县', '2');
INSERT INTO `sys_city_info` VALUES ('300405', '泾源县', '2');
INSERT INTO `sys_city_info` VALUES ('300406', '彭阳县', '2');
INSERT INTO `sys_city_info` VALUES ('3005', '中卫市', '1');
INSERT INTO `sys_city_info` VALUES ('300501', '市辖区', '2');
INSERT INTO `sys_city_info` VALUES ('300502', '沙坡头区', '2');
INSERT INTO `sys_city_info` VALUES ('300503', '中宁县', '2');
INSERT INTO `sys_city_info` VALUES ('300504', '海原县', '2');
INSERT INTO `sys_city_info` VALUES ('31', '新疆维吾尔自治区', '0');
INSERT INTO `sys_city_info` VALUES ('3101', '乌鲁木齐市', '1');
INSERT INTO `sys_city_info` VALUES ('310101', '市辖区', '2');
INSERT INTO `sys_city_info` VALUES ('310102', '天山区', '2');
INSERT INTO `sys_city_info` VALUES ('310103', '沙依巴克区', '2');
INSERT INTO `sys_city_info` VALUES ('310104', '新市区', '2');
INSERT INTO `sys_city_info` VALUES ('310105', '水磨沟区', '2');
INSERT INTO `sys_city_info` VALUES ('310106', '头屯河区', '2');
INSERT INTO `sys_city_info` VALUES ('310107', '达坂城区', '2');
INSERT INTO `sys_city_info` VALUES ('310108', '东山区', '2');
INSERT INTO `sys_city_info` VALUES ('310109', '乌鲁木齐县', '2');
INSERT INTO `sys_city_info` VALUES ('3102', '克拉玛依市', '1');
INSERT INTO `sys_city_info` VALUES ('310201', '市辖区', '2');
INSERT INTO `sys_city_info` VALUES ('310202', '独山子区', '2');
INSERT INTO `sys_city_info` VALUES ('310203', '克拉玛依区', '2');
INSERT INTO `sys_city_info` VALUES ('310204', '白碱滩区', '2');
INSERT INTO `sys_city_info` VALUES ('310205', '乌尔禾区', '2');
INSERT INTO `sys_city_info` VALUES ('3103', '吐鲁番地区', '1');
INSERT INTO `sys_city_info` VALUES ('310301', '吐鲁番市', '2');
INSERT INTO `sys_city_info` VALUES ('310302', '鄯善县', '2');
INSERT INTO `sys_city_info` VALUES ('310303', '托克逊县', '2');
INSERT INTO `sys_city_info` VALUES ('3104', '哈密地区', '1');
INSERT INTO `sys_city_info` VALUES ('310401', '哈密市', '2');
INSERT INTO `sys_city_info` VALUES ('310402', '巴里坤哈萨克自治县', '2');
INSERT INTO `sys_city_info` VALUES ('310403', '伊吾县', '2');
INSERT INTO `sys_city_info` VALUES ('3105', '昌吉回族自治州', '1');
INSERT INTO `sys_city_info` VALUES ('310501', '昌吉市', '2');
INSERT INTO `sys_city_info` VALUES ('310502', '阜康市', '2');
INSERT INTO `sys_city_info` VALUES ('310503', '米泉市', '2');
INSERT INTO `sys_city_info` VALUES ('310504', '呼图壁县', '2');
INSERT INTO `sys_city_info` VALUES ('310505', '玛纳斯县', '2');
INSERT INTO `sys_city_info` VALUES ('310506', '奇台县', '2');
INSERT INTO `sys_city_info` VALUES ('310507', '吉木萨尔县', '2');
INSERT INTO `sys_city_info` VALUES ('310508', '木垒哈萨克自治县', '2');
INSERT INTO `sys_city_info` VALUES ('3106', '博尔塔拉蒙古自治州', '1');
INSERT INTO `sys_city_info` VALUES ('310601', '博乐市', '2');
INSERT INTO `sys_city_info` VALUES ('310602', '精河县', '2');
INSERT INTO `sys_city_info` VALUES ('310603', '温泉县', '2');
INSERT INTO `sys_city_info` VALUES ('3107', '巴音郭楞蒙古自治州', '1');
INSERT INTO `sys_city_info` VALUES ('310701', '库尔勒市', '2');
INSERT INTO `sys_city_info` VALUES ('310702', '轮台县', '2');
INSERT INTO `sys_city_info` VALUES ('310703', '尉犁县', '2');
INSERT INTO `sys_city_info` VALUES ('310704', '若羌县', '2');
INSERT INTO `sys_city_info` VALUES ('310705', '且末县', '2');
INSERT INTO `sys_city_info` VALUES ('310706', '焉耆回族自治县', '2');
INSERT INTO `sys_city_info` VALUES ('310707', '和静县', '2');
INSERT INTO `sys_city_info` VALUES ('310708', '和硕县', '2');
INSERT INTO `sys_city_info` VALUES ('310709', '博湖县', '2');
INSERT INTO `sys_city_info` VALUES ('3108', '阿克苏地区', '1');
INSERT INTO `sys_city_info` VALUES ('310801', '阿克苏市', '2');
INSERT INTO `sys_city_info` VALUES ('310802', '温宿县', '2');
INSERT INTO `sys_city_info` VALUES ('310803', '库车县', '2');
INSERT INTO `sys_city_info` VALUES ('310804', '沙雅县', '2');
INSERT INTO `sys_city_info` VALUES ('310805', '新和县', '2');
INSERT INTO `sys_city_info` VALUES ('310806', '拜城县', '2');
INSERT INTO `sys_city_info` VALUES ('310807', '乌什县', '2');
INSERT INTO `sys_city_info` VALUES ('310808', '阿瓦提县', '2');
INSERT INTO `sys_city_info` VALUES ('310809', '柯坪县', '2');
INSERT INTO `sys_city_info` VALUES ('3109', '克孜勒苏柯尔克孜自治州', '1');
INSERT INTO `sys_city_info` VALUES ('310901', '阿图什市', '2');
INSERT INTO `sys_city_info` VALUES ('310902', '阿克陶县', '2');
INSERT INTO `sys_city_info` VALUES ('310903', '阿合奇县', '2');
INSERT INTO `sys_city_info` VALUES ('310904', '乌恰县', '2');
INSERT INTO `sys_city_info` VALUES ('3110', '喀什地区', '1');
INSERT INTO `sys_city_info` VALUES ('311001', '喀什市', '2');
INSERT INTO `sys_city_info` VALUES ('311002', '疏附县', '2');
INSERT INTO `sys_city_info` VALUES ('311003', '疏勒县', '2');
INSERT INTO `sys_city_info` VALUES ('311004', '英吉沙县', '2');
INSERT INTO `sys_city_info` VALUES ('311005', '泽普县', '2');
INSERT INTO `sys_city_info` VALUES ('311006', '莎车县', '2');
INSERT INTO `sys_city_info` VALUES ('311007', '叶城县', '2');
INSERT INTO `sys_city_info` VALUES ('311008', '麦盖提县', '2');
INSERT INTO `sys_city_info` VALUES ('311009', '岳普湖县', '2');
INSERT INTO `sys_city_info` VALUES ('311010', '伽师县', '2');
INSERT INTO `sys_city_info` VALUES ('311011', '巴楚县', '2');
INSERT INTO `sys_city_info` VALUES ('311012', '塔什库尔干塔吉克自治县', '2');
INSERT INTO `sys_city_info` VALUES ('3111', '和田地区', '1');
INSERT INTO `sys_city_info` VALUES ('311101', '和田市', '2');
INSERT INTO `sys_city_info` VALUES ('311102', '和田县', '2');
INSERT INTO `sys_city_info` VALUES ('311103', '墨玉县', '2');
INSERT INTO `sys_city_info` VALUES ('311104', '皮山县', '2');
INSERT INTO `sys_city_info` VALUES ('311105', '洛浦县', '2');
INSERT INTO `sys_city_info` VALUES ('311106', '策勒县', '2');
INSERT INTO `sys_city_info` VALUES ('311107', '于田县', '2');
INSERT INTO `sys_city_info` VALUES ('311108', '民丰县', '2');
INSERT INTO `sys_city_info` VALUES ('3112', '伊犁哈萨克自治州', '1');
INSERT INTO `sys_city_info` VALUES ('311201', '伊宁市', '2');
INSERT INTO `sys_city_info` VALUES ('311202', '奎屯市', '2');
INSERT INTO `sys_city_info` VALUES ('311203', '伊宁县', '2');
INSERT INTO `sys_city_info` VALUES ('311204', '察布查尔锡伯自治县', '2');
INSERT INTO `sys_city_info` VALUES ('311205', '霍城县', '2');
INSERT INTO `sys_city_info` VALUES ('311206', '巩留县', '2');
INSERT INTO `sys_city_info` VALUES ('311207', '新源县', '2');
INSERT INTO `sys_city_info` VALUES ('311208', '昭苏县', '2');
INSERT INTO `sys_city_info` VALUES ('311209', '特克斯县', '2');
INSERT INTO `sys_city_info` VALUES ('311210', '尼勒克县', '2');
INSERT INTO `sys_city_info` VALUES ('3113', '塔城地区', '1');
INSERT INTO `sys_city_info` VALUES ('311301', '塔城市', '2');
INSERT INTO `sys_city_info` VALUES ('311302', '乌苏市', '2');
INSERT INTO `sys_city_info` VALUES ('311303', '额敏县', '2');
INSERT INTO `sys_city_info` VALUES ('311304', '沙湾县', '2');
INSERT INTO `sys_city_info` VALUES ('311305', '托里县', '2');
INSERT INTO `sys_city_info` VALUES ('311306', '裕民县', '2');
INSERT INTO `sys_city_info` VALUES ('311307', '和布克赛尔蒙古自治县', '2');
INSERT INTO `sys_city_info` VALUES ('3114', '阿勒泰地区', '1');
INSERT INTO `sys_city_info` VALUES ('311401', '阿勒泰市', '2');
INSERT INTO `sys_city_info` VALUES ('311402', '布尔津县', '2');
INSERT INTO `sys_city_info` VALUES ('311403', '富蕴县', '2');
INSERT INTO `sys_city_info` VALUES ('311404', '福海县', '2');
INSERT INTO `sys_city_info` VALUES ('311405', '哈巴河县', '2');
INSERT INTO `sys_city_info` VALUES ('311406', '青河县', '2');
INSERT INTO `sys_city_info` VALUES ('311407', '吉木乃县', '2');
INSERT INTO `sys_city_info` VALUES ('3115', '省直辖行政单位', '1');
INSERT INTO `sys_city_info` VALUES ('311501', '石河子市', '2');
INSERT INTO `sys_city_info` VALUES ('311502', '阿拉尔市', '2');
INSERT INTO `sys_city_info` VALUES ('311503', '图木舒克市', '2');
INSERT INTO `sys_city_info` VALUES ('311504', '五家渠市', '2');
INSERT INTO `sys_city_info` VALUES ('32', '台湾省', '0');
INSERT INTO `sys_city_info` VALUES ('33', '香港特别行政区', '0');
INSERT INTO `sys_city_info` VALUES ('34', '澳门特别行政区', '0');

-- ----------------------------
-- Table structure for sys_dict
-- ----------------------------
DROP TABLE IF EXISTS `sys_dict`;
CREATE TABLE `sys_dict` (
  `dict_id` char(32) NOT NULL COMMENT '字典ID',
  `dict_code` varchar(64) DEFAULT NULL COMMENT '字典编码',
  `dict_name` varchar(64) DEFAULT NULL COMMENT '字典名称',
  `create_time` timestamp NULL DEFAULT CURRENT_TIMESTAMP COMMENT '添加时间',
  PRIMARY KEY (`dict_id`) USING BTREE
) ENGINE=InnoDB DEFAULT CHARSET=utf8mb4 COMMENT='数据字典';

-- ----------------------------
-- Records of sys_dict
-- ----------------------------
INSERT INTO `sys_dict` VALUES ('041498E0F86411E89BB8448A5B968AB0', 'menu_type', '资源类型', '2018-12-05 16:01:48');
INSERT INTO `sys_dict` VALUES ('689EF298EBD211E89BB8448A5B968AB0', 'sex', '性别', '2018-11-19 16:09:16');
INSERT INTO `sys_dict` VALUES ('AD93863CEBD211E89BB8448A5B968AB0', 'status', '状态', '2018-11-19 16:11:12');
INSERT INTO `sys_dict` VALUES ('B8DB318F081111E99BB8448A5B968AB0', '', '哈哈哈', '2018-12-25 14:53:02');

-- ----------------------------
-- Table structure for sys_dict_item
-- ----------------------------
DROP TABLE IF EXISTS `sys_dict_item`;
CREATE TABLE `sys_dict_item` (
  `item_id` char(32) NOT NULL COMMENT '字典值ID',
  `dict_id` char(32) DEFAULT NULL COMMENT '字典ID',
  `item_name` varchar(64) DEFAULT NULL COMMENT '字典值名称',
  `item_value` varchar(16) DEFAULT NULL COMMENT '字典值',
  `item_sort` int(11) DEFAULT NULL COMMENT '字典值排序',
  `create_time` timestamp NULL DEFAULT CURRENT_TIMESTAMP COMMENT '添加时间',
  PRIMARY KEY (`item_id`)
) ENGINE=InnoDB DEFAULT CHARSET=utf8mb4 COMMENT='数据字典值';

-- ----------------------------
-- Records of sys_dict_item
-- ----------------------------
INSERT INTO `sys_dict_item` VALUES ('1B43C0FAEBD311E89BB8448A5B968AB0', '689EF298EBD211E89BB8448A5B968AB0', '男', '0', '1', '2018-11-19 16:14:16');
INSERT INTO `sys_dict_item` VALUES ('1B508EC5EBD311E89BB8448A5B968AB0', '689EF298EBD211E89BB8448A5B968AB0', '女', '1', '2', '2018-11-19 16:14:16');
INSERT INTO `sys_dict_item` VALUES ('1B620EE6EBD311E89BB8448A5B968AB0', 'AD93863CEBD211E89BB8448A5B968AB0', '正常', '0', '1', '2018-11-19 16:14:16');
INSERT INTO `sys_dict_item` VALUES ('1B6E312DEBD311E89BB8448A5B968AB0', 'AD93863CEBD211E89BB8448A5B968AB0', '禁用', '1', '2', '2018-11-19 16:14:16');
INSERT INTO `sys_dict_item` VALUES ('5851A646F86411E89BB8448A5B968AB0', '041498E0F86411E89BB8448A5B968AB0', '菜单', '1', '0', '2018-12-05 16:04:09');
INSERT INTO `sys_dict_item` VALUES ('84D01C29F86411E89BB8448A5B968AB0', '041498E0F86411E89BB8448A5B968AB0', '资源', '2', '1', '2018-12-05 16:05:24');
INSERT INTO `sys_dict_item` VALUES ('9041EEDFF86411E89BB8448A5B968AB0', '041498E0F86411E89BB8448A5B968AB0', '资源分类', '3', '2', '2018-12-05 16:05:43');

-- ----------------------------
-- Table structure for sys_file_info
-- ----------------------------
DROP TABLE IF EXISTS `sys_file_info`;
CREATE TABLE `sys_file_info` (
  `file_id` char(32) NOT NULL COMMENT '文件ID',
  `file_name` varchar(128) DEFAULT NULL COMMENT '文件名称',
  `file_suffix` varchar(16) DEFAULT NULL COMMENT '文件后缀',
  `file_size` decimal(11,2) DEFAULT NULL COMMENT '文件大小(单位/KB)',
  `play_time` int(11) NOT NULL COMMENT '播放时长(单位/秒)',
  `file_path` varchar(256) DEFAULT NULL COMMENT '文件地址',
  `file_status` char(1) DEFAULT '0' COMMENT '文件状态【0:正常 1:删除】',
  `create_time` timestamp NOT NULL DEFAULT CURRENT_TIMESTAMP COMMENT '添加时间',
  PRIMARY KEY (`file_id`)
) ENGINE=InnoDB DEFAULT CHARSET=utf8mb4 COMMENT='文件信息表';

-- ----------------------------
-- Records of sys_file_info
-- ----------------------------
INSERT INTO `sys_file_info` VALUES ('0ED0085A8F2B429BB51649611D0267C2', '6159252dd42a2834e6d976e257b5c9ea14cebfd8', 'jpg', '25.00', '0', 'acs/2018/12/26/3a4c8e362ad04d278ae5c4b7a39ef022.jpg', '1', '2018-12-26 16:50:46');
INSERT INTO `sys_file_info` VALUES ('4400A819720647349EFFBA36C8ADC320', '6159252dd42a2834e6d976e257b5c9ea14cebfd8', 'jpg', '25.00', '0', 'acs/2018/12/27/fbfd0e16682e449abc220acb2bd7423b.jpg', '0', '2018-12-27 17:27:05');
INSERT INTO `sys_file_info` VALUES ('494EA7F6E4764E9BB5704EA1E871426D', '6159252dd42a2834e6d976e257b5c9ea14cebfd8', 'jpg', '25.00', '0', 'acs/2018/12/27/d9257b6c24f34cbf8c4fe8bad7ca8320.jpg', '1', '2018-12-27 17:11:38');
INSERT INTO `sys_file_info` VALUES ('53E22767C2A9472EAF9173EA202659A7', '6159252dd42a2834e6d976e257b5c9ea14cebfd8', 'jpg', '25.00', '0', 'acs/2018/12/27/769c73ee7d6c474480b3f66f34930723.jpg', '0', '2018-12-27 14:51:18');
INSERT INTO `sys_file_info` VALUES ('718C735E7CC2447AAD27212DF2EEC132', '6159252dd42a2834e6d976e257b5c9ea14cebfd8', 'jpg', '25.00', '0', 'acs/2018/12/27/bd7ee42f98f949d682dfe17bd9cc908b.jpg', '1', '2018-12-27 17:30:56');
INSERT INTO `sys_file_info` VALUES ('73C095C6F7EB416FA654A2BDDE805C59', 'earth', 'jpg', '10.00', '0', 'acs/2018/12/27/e753163170f349128b5f031a599ab81c.jpg', '1', '2018-12-27 18:23:42');
INSERT INTO `sys_file_info` VALUES ('7B13D9D9C059437F9EE0C8B9672F76EE', '美妆', 'mp4', '4060.00', '65', 'acs/2018/12/22/cc5d27f9f287417382f6b8742b59a6fd.mp4', '0', '2018-12-22 17:40:31');
INSERT INTO `sys_file_info` VALUES ('825EAC9D0DCA40219969833E0CD8C82F', 'TIM图片20181101185918', 'jpg', '16.00', '0', 'acs/2018/12/27/23cbd62e0cd147b4bb1426d592729bd3.jpg', '1', '2018-12-27 14:28:11');
INSERT INTO `sys_file_info` VALUES ('831E9575FE0646FDA1BACADB2EC70961', 'earth', 'jpg', '10.00', '0', 'acs/2018/12/27/d73b69bfcaa14ed081bc9152bebe26e0.jpg', '0', '2018-12-27 18:23:05');
INSERT INTO `sys_file_info` VALUES ('912DEE07406645E18B6EF0C5EE8F2DB6', 'u=4237072277,2023312877&fm=26&gp=0', 'jpg', '4.00', '0', 'acs/2018/12/27/6b3d8800984740c0b904f422f1cb9395.jpg', '1', '2018-12-27 14:53:16');
INSERT INTO `sys_file_info` VALUES ('ABFF3628EDEA46779A7EBEDADCEB7110', 'earth', 'jpg', '10.00', '0', 'acs/2018/12/27/6eb1e9636c4045a3b010f6b002958cad.jpg', '1', '2018-12-27 14:29:27');
INSERT INTO `sys_file_info` VALUES ('B23547ED56F14E35BB61FDA6A46AABB6', '6159252dd42a2834e6d976e257b5c9ea14cebfd8', 'jpg', '25.00', '0', 'acs/2018/12/28/08588515a139446890324345aedfd714.jpg', '0', '2018-12-28 16:41:55');
INSERT INTO `sys_file_info` VALUES ('B6F993BA7FA0497B80AD8FAF48B20F24', 'earth', 'jpg', '10.00', '0', 'acs/2018/12/27/5e11bccd50e24b8c88824173711df888.jpg', '0', '2018-12-27 18:41:30');
INSERT INTO `sys_file_info` VALUES ('B9C2B3A1B08D479AA8071A708EF81C37', 'TIM图片20181101185918', 'jpg', '16.00', '0', 'acs/2018/12/27/65c73bfe09c141c6bbb149247ed7ea40.jpg', '0', '2018-12-27 18:34:46');
INSERT INTO `sys_file_info` VALUES ('C7BA2234CBB04E1D835C1A267C2B03C1', '95', 'jpg', '61.00', '0', 'acs/2018/12/27/55a7952b4e2947588bcc880d63245be8.jpg', '1', '2018-12-27 14:52:27');
INSERT INTO `sys_file_info` VALUES ('CBE6258AA8194B8E8BDE490A933A0FA5', 'earth', 'jpg', '10.00', '0', 'acs/2018/12/27/2fad24f6cc3c42ae856bacbd2ccd7d1c.jpg', '1', '2018-12-27 15:22:53');
INSERT INTO `sys_file_info` VALUES ('CC760E5735F74A1EA28F4539C033E6E1', '豆豆', 'mp4', '1328.00', '9', 'acs/2018/12/22/356d03e2b2f64f1f8542545388199f28.mp4', '0', '2018-12-22 17:37:31');
INSERT INTO `sys_file_info` VALUES ('CFAEE45D7AE64FAEBC6737B692F68ABD', 'u=2755523882,2215399258&fm=200&gp=0', 'jpg', '15.00', '0', 'acs/2018/12/27/eaec2b699b4345b09e0a43266991e08c.jpg', '0', '2018-12-27 14:52:55');
INSERT INTO `sys_file_info` VALUES ('CFDB0FF7CEE14EFEB56AFFF2A0EB03C2', 'TIM图片20181101185918', 'jpg', '16.00', '0', 'acs/2018/12/27/8a9f2817499b481584532712ea1cf605.jpg', '0', '2018-12-27 17:12:56');
INSERT INTO `sys_file_info` VALUES ('D086E43BA83A465EA8D13D8D69FB0627', '6159252dd42a2834e6d976e257b5c9ea14cebfd8', 'jpg', '25.00', '0', 'acs/2018/12/27/c597a6606dbf47f9829966d1692eed85.jpg', '0', '2018-12-27 16:54:48');
INSERT INTO `sys_file_info` VALUES ('D2ED07AB73E446BF9ED46C8B939678E1', 'earth', 'jpg', '10.00', '0', 'acs/2018/12/27/4f1d9438729f4cdda40b773dfcb373e3.jpg', '0', '2018-12-27 18:23:19');
INSERT INTO `sys_file_info` VALUES ('D405A8E3A26B4297B366C7EC5EDA16E5', 'earth', 'jpg', '10.00', '0', 'acs/2018/12/27/8d4d238cc8df44738ef43198f8dc17d1.jpg', '1', '2018-12-27 18:24:13');
INSERT INTO `sys_file_info` VALUES ('E9CF0DE844164986B0D82EB30007E8D9', 'TIM图片20181101185918', 'jpg', '16.00', '0', 'acs/2018/12/27/3c339e50f2fd445fb937fed3a4683ae0.jpg', '1', '2018-12-27 17:23:00');
INSERT INTO `sys_file_info` VALUES ('EC099C4417D54603AD2E34D0564A8F61', 'TIM图片20181101185918', 'jpg', '16.00', '0', 'acs/2018/12/27/f9d1aab33cba49bd899a9c5b3ce58525.jpg', '0', '2018-12-27 11:35:07');
INSERT INTO `sys_file_info` VALUES ('FF99DB46B9C44908AC3F71A034C67A87', '6159252dd42a2834e6d976e257b5c9ea14cebfd8', 'jpg', '25.00', '0', 'acs/2018/12/27/ea5a7343550941f781be484cca65bdd6.jpg', '1', '2018-12-27 14:35:31');

-- ----------------------------
-- Table structure for sys_file_info_rel
-- ----------------------------
DROP TABLE IF EXISTS `sys_file_info_rel`;
CREATE TABLE `sys_file_info_rel` (
  `rel_id` char(32) NOT NULL COMMENT '关联ID',
  `file_id` char(32) NOT NULL COMMENT '文件ID',
  `file_type` char(2) DEFAULT NULL COMMENT '文件类型【1：入口图  2：模特图  3：互动视频  4:文章封面  5:文章内容 6:跑马灯 7:品牌商图片 8:KOL头像】',
  `file_order` int(11) DEFAULT NULL COMMENT '排序',
  PRIMARY KEY (`rel_id`,`file_id`)
) ENGINE=InnoDB DEFAULT CHARSET=utf8mb4 COMMENT='文件业务关系表';

-- ----------------------------
-- Records of sys_file_info_rel
-- ----------------------------
INSERT INTO `sys_file_info_rel` VALUES ('19EFA87AEEBA4E54B8B5BE5709B152C4', '831E9575FE0646FDA1BACADB2EC70961', '4', null);
INSERT INTO `sys_file_info_rel` VALUES ('211F1A3A854243B18A9470AEA42BFFA8', 'ABFF3628EDEA46779A7EBEDADCEB7110', '1', '2');
INSERT INTO `sys_file_info_rel` VALUES ('211F1A3A854243B18A9470AEA42BFFA8', 'D2ED07AB73E446BF9ED46C8B939678E1', '2', '3');
INSERT INTO `sys_file_info_rel` VALUES ('2F5DA9EAE8214759BC8C7B9C55E2AEDB', 'CBE6258AA8194B8E8BDE490A933A0FA5', '4', '0');
INSERT INTO `sys_file_info_rel` VALUES ('656D37F9A61F4A78B9F8C1CC57CC5B6B', 'D2ED07AB73E446BF9ED46C8B939678E1', '8', null);
INSERT INTO `sys_file_info_rel` VALUES ('67808651D08941CCB5440CB249CF6160', '831E9575FE0646FDA1BACADB2EC70961', '4', null);
INSERT INTO `sys_file_info_rel` VALUES ('6C1C17DDD7DA42EEA31B580E9D683BD4', '7B13D9D9C059437F9EE0C8B9672F76EE', '1', '1');
INSERT INTO `sys_file_info_rel` VALUES ('6C1C17DDD7DA42EEA31B580E9D683BD4', 'CBE6258AA8194B8E8BDE490A933A0FA5', '2', '2');
INSERT INTO `sys_file_info_rel` VALUES ('790880465113439785AD6DF8873D4CC3', 'ABFF3628EDEA46779A7EBEDADCEB7110', '1', '2');
INSERT INTO `sys_file_info_rel` VALUES ('790880465113439785AD6DF8873D4CC3', 'D2ED07AB73E446BF9ED46C8B939678E1', '2', '3');
INSERT INTO `sys_file_info_rel` VALUES ('841E1AD520174805839FE7B104C634A3', 'D2ED07AB73E446BF9ED46C8B939678E1', '7', null);
INSERT INTO `sys_file_info_rel` VALUES ('A4BBA354D70C4C51966CF75054DF8797', 'CFAEE45D7AE64FAEBC6737B692F68ABD', '7', null);
INSERT INTO `sys_file_info_rel` VALUES ('CE7A4601FD3C4866A5E63EE01B5189A1', 'ABFF3628EDEA46779A7EBEDADCEB7110', '1', '2');
INSERT INTO `sys_file_info_rel` VALUES ('CE7A4601FD3C4866A5E63EE01B5189A1', 'D2ED07AB73E446BF9ED46C8B939678E1', '2', '3');
INSERT INTO `sys_file_info_rel` VALUES ('DF5927625D0B4F24A81BA00C03B0376D', 'B6F993BA7FA0497B80AD8FAF48B20F24', '8', null);
INSERT INTO `sys_file_info_rel` VALUES ('E29D3143B09D4E93B5407A560CCF74B7', 'CBE6258AA8194B8E8BDE490A933A0FA5', '4', '0');
INSERT INTO `sys_file_info_rel` VALUES ('EFC8C3A8604346C8A018D6C8F62E6400', '831E9575FE0646FDA1BACADB2EC70961', '7', null);
INSERT INTO `sys_file_info_rel` VALUES ('FF919B5EC060408BB9DEE5EB99494232', '53E22767C2A9472EAF9173EA202659A7', '7', null);

-- ----------------------------
-- Table structure for sys_menu
-- ----------------------------
DROP TABLE IF EXISTS `sys_menu`;
CREATE TABLE `sys_menu` (
  `menu_id` char(32) NOT NULL COMMENT '资源ID',
  `menu_code` varchar(32) DEFAULT NULL COMMENT '资源编码',
  `menu_name` varchar(64) DEFAULT NULL COMMENT '资源名称',
  `parent_id` varchar(32) DEFAULT NULL COMMENT '资源父ID',
  `url` varchar(128) DEFAULT NULL COMMENT 'url地址',
  `type` char(1) DEFAULT NULL COMMENT '类型:menu_type【1:菜单menu 2:资源element(rest-api) 3:资源分类】',
  `method` varchar(10) DEFAULT NULL COMMENT '访问方式【GET、POST、PUT、DELETE、PATCH】',
  `menu_ico` varchar(32) DEFAULT NULL COMMENT '菜单图标',
  `status` char(1) DEFAULT '0' COMMENT '状态(0:正常 1:禁用)',
  `sort` int(11) DEFAULT NULL COMMENT '排序',
  `create_time` timestamp NOT NULL DEFAULT CURRENT_TIMESTAMP COMMENT '创建时间',
  `update_time` timestamp NOT NULL ON UPDATE CURRENT_TIMESTAMP COMMENT '更新时间',
  PRIMARY KEY (`menu_id`)
) ENGINE=InnoDB DEFAULT CHARSET=utf8 COMMENT='系统菜单资源表';

-- ----------------------------
-- Records of sys_menu
-- ----------------------------
INSERT INTO `sys_menu` VALUES ('033CBBD7FDF711E89BB8448A5B968AB0', 'GROUP', '排列组合', 'BE2BEA99FDF611E89BB8448A5B968AB0', '/analysis/group', '1', 'POST', 'el-icon-share', '0', '2', '2018-12-12 18:16:38', '2018-12-12 18:16:55');
INSERT INTO `sys_menu` VALUES ('1E0B1CBFFDF611E89BB8448A5B968AB0', 'Miniprogram', '小程序管理', '0', '', '1', '', 'el-icon-menu', '0', '2', '2018-12-12 18:10:14', '2018-12-12 18:21:24');
INSERT INTO `sys_menu` VALUES ('27958D60005611E99BB8448A5B968AB0', 'MAKEUP_CONFIG', '整妆管理', '81EA529CFDF611E89BB8448A5B968AB0', '/config/configmakeup', '1', 'POST', 'el-icon-time', '0', '2', '2018-12-15 18:42:44', '2018-12-15 18:44:03');
INSERT INTO `sys_menu` VALUES ('3052A729FDF711E89BB8448A5B968AB0', 'SOURCE', '整妆库', '1E0B1CBFFDF611E89BB8448A5B968AB0', '/source/source', '1', 'POST', 'el-icon-picture-outline', '0', '3', '2018-12-12 18:17:54', '2018-12-12 18:17:54');
INSERT INTO `sys_menu` VALUES ('36382EB6EBCC11E89BB8448A5B968AB0', 'USER_INFO', '用户信息', 'E7F49D27E98611E89BB8448A5B968AB0', '/user', '1', 'POST', 'el-icon-tickets', '0', '2', '2018-11-19 15:24:55', '2018-12-10 15:17:54');
INSERT INTO `sys_menu` VALUES ('365C0C37EBCC11E89BB8448A5B968AB0', 'ROLE_INFO', '角色信息', 'E7F49D27E98611E89BB8448A5B968AB0', '/roleList', '1', 'POST', 'el-icon-lx-cascades', '0', '1', '2018-11-19 15:24:55', '2018-12-10 15:17:45');
INSERT INTO `sys_menu` VALUES ('4CE73013F13611E89BB8448A5B968AB0', 'Dict', '数据字典', 'ED8BEFC0EBCD11E89BB8448A5B968AB0', '/dict', '1', 'POST', 'el-icon-tickets', '0', '0', '2018-11-26 12:46:55', '2018-12-12 18:11:25');
INSERT INTO `sys_menu` VALUES ('53F6003EFDF711E89BB8448A5B968AB0', 'QUOTE', '引用库', '1E0B1CBFFDF611E89BB8448A5B968AB0', '/quote/quote', '1', 'POST', 'el-icon-star-off', '0', '4', '2018-12-12 18:18:54', '2018-12-12 18:18:54');
INSERT INTO `sys_menu` VALUES ('7494C49FFDF711E89BB8448A5B968AB0', 'BRAND', '品牌商', '53F6003EFDF711E89BB8448A5B968AB0', '/quote/brand', '1', 'POST', 'el-icon-goods', '0', '1', '2018-12-12 18:19:48', '2018-12-12 18:19:48');
INSERT INTO `sys_menu` VALUES ('81EA529CFDF611E89BB8448A5B968AB0', 'CONFIG', '配置', '1E0B1CBFFDF611E89BB8448A5B968AB0', '', '1', 'POST', 'el-icon-setting', '0', '1', '2018-12-12 18:13:01', '2018-12-15 18:39:26');
INSERT INTO `sys_menu` VALUES ('86F4B459FDF711E89BB8448A5B968AB0', 'KOL', 'KOL', '53F6003EFDF711E89BB8448A5B968AB0', '/quote/kol', '1', 'POST', 'el-icon-sold-out', '0', '2', '2018-12-12 18:20:19', '2018-12-12 18:20:19');
INSERT INTO `sys_menu` VALUES ('89102CEDF12F11E89BB8448A5B968AB0', 'MENU_MGR', '菜单管理', 'ED8BEFC0EBCD11E89BB8448A5B968AB0', '/menuMgr', '1', 'POST', 'el-icon-tickets', '0', '0', '2018-11-16 18:03:46', '2018-11-28 11:32:52');
INSERT INTO `sys_menu` VALUES ('8B5A7D57001B11E99BB8448A5B968AB0', 'UPLOAD', '文件上传', 'ED8BEFC0EBCD11E89BB8448A5B968AB0', '/upload', '1', 'POST', 'el-icon-lx-top', '0', '3', '2018-12-15 11:43:11', '2018-12-15 11:43:11');
INSERT INTO `sys_menu` VALUES ('BE2BEA99FDF611E89BB8448A5B968AB0', 'ANALYSIS', '五官分析', '1E0B1CBFFDF611E89BB8448A5B968AB0', '', '1', 'POST', 'el-icon-rank', '0', '2', '2018-12-12 18:14:42', '2018-12-12 18:16:51');
INSERT INTO `sys_menu` VALUES ('DD4297E2FDF611E89BB8448A5B968AB0', 'ORGAN_EDIT', '五官编辑', 'BE2BEA99FDF611E89BB8448A5B968AB0', '/analysis/organs', '1', 'POST', 'el-icon-edit-outline', '0', '1', '2018-12-12 18:15:35', '2018-12-12 18:16:59');
INSERT INTO `sys_menu` VALUES ('E7F49D27E98611E89BB8448A5B968AB0', 'SYS_USER', '用户管理', '0', '', '1', '', 'el-icon-tickets', '0', '0', '2018-12-04 15:41:57', '2018-12-06 15:19:37');
INSERT INTO `sys_menu` VALUES ('ED8BEFC0EBCD11E89BB8448A5B968A14', 'Test', '测试用例', 'ED8BEFC0EBCD11E89BB8448A5B968AB0', '/test', '1', 'POST', 'el-icon-tickets', '0', '0', '2018-12-04 18:24:11', '2018-12-06 15:25:25');
INSERT INTO `sys_menu` VALUES ('ED8BEFC0EBCD11E89BB8448A5B968AB0', 'SYS_MGR', '系统管理', '0', '', '1', '', 'el-icon-tickets', '0', '1', '2018-12-04 15:45:36', '2018-12-12 18:21:20');
INSERT INTO `sys_menu` VALUES ('F75D0E25005511E99BB8448A5B968AB0', 'ORGAN_CONFIG', '器官配置', '81EA529CFDF611E89BB8448A5B968AB0', '/config/configorgans', '1', 'POST', 'el-icon-document', '0', '1', '2018-12-15 18:41:23', '2018-12-25 14:47:19');

-- ----------------------------
-- Table structure for sys_param
-- ----------------------------
DROP TABLE IF EXISTS `sys_param`;
CREATE TABLE `sys_param` (
  `param_id` char(32) NOT NULL COMMENT '参数ID',
  `param_name` varchar(50) DEFAULT NULL COMMENT '参数名称',
  `param_value` varchar(50) DEFAULT NULL COMMENT '参数值',
  `sys_belong` varchar(8) DEFAULT NULL COMMENT '所属系统',
  `description` varchar(100) DEFAULT NULL COMMENT '描述',
  `del_status` char(1) DEFAULT '0' COMMENT '是否删除 0-否 1-是',
  `create_time` timestamp NOT NULL DEFAULT CURRENT_TIMESTAMP COMMENT '创建时间',
  `update_time` timestamp NOT NULL DEFAULT CURRENT_TIMESTAMP ON UPDATE CURRENT_TIMESTAMP COMMENT '最后更新时间',
  `update_user` varchar(50) DEFAULT NULL COMMENT '最后更新人名称',
  `update_user_id` varchar(50) DEFAULT NULL COMMENT '最后更新人ID',
  PRIMARY KEY (`param_id`),
  UNIQUE KEY `IDX_PARAM_NAME` (`param_name`) USING HASH
) ENGINE=InnoDB DEFAULT CHARSET=utf8 COMMENT='系统参数表';

-- ----------------------------
-- Records of sys_param
-- ----------------------------

-- ----------------------------
-- Table structure for sys_role
-- ----------------------------
DROP TABLE IF EXISTS `sys_role`;
CREATE TABLE `sys_role` (
  `role_id` char(32) NOT NULL COMMENT '角色ID',
  `role_code` varchar(64) DEFAULT NULL COMMENT '角色编码',
  `role_name` varchar(64) DEFAULT NULL COMMENT '角色名称',
  `remark` varchar(64) DEFAULT NULL COMMENT '备注',
  `status` char(1) DEFAULT '0' COMMENT '角色状态 0：正常  1：禁用',
  `create_time` timestamp NOT NULL DEFAULT CURRENT_TIMESTAMP COMMENT '创建时间',
  PRIMARY KEY (`role_id`)
) ENGINE=InnoDB DEFAULT CHARSET=utf8 COMMENT='系统角色';

-- ----------------------------
-- Records of sys_role
-- ----------------------------
INSERT INTO `sys_role` VALUES ('28796D48F55311E89BB8448A5B968AB0', 'eee', '222', '11', '0', '2018-12-01 18:23:34');
INSERT INTO `sys_role` VALUES ('33293351FC6211E89BB8448A5B968AB0', 'HAHAHA', '哈哈哈', 'face', '0', '2018-12-10 17:58:53');
INSERT INTO `sys_role` VALUES ('3F3A1DB0F93311E89BB8448A5B968AB0', 'test add', 'zss', '测试用户添加', '1', '2018-12-06 16:45:13');
INSERT INTO `sys_role` VALUES ('47E61B29E96D11E89BB8448A5B968AB0', 'admin', '管理员', 'test', '0', '2018-11-16 15:00:20');
INSERT INTO `sys_role` VALUES ('4F82CBAAF93311E89BB8448A5B968AB0', 'test add', 'zss', '测试用户添加', '1', '2018-12-06 16:45:40');
INSERT INTO `sys_role` VALUES ('6E27F171F55811E89BB8448A5B968AB0', 'ttt', 'ttt', '1', '0', '2018-12-01 19:01:18');
INSERT INTO `sys_role` VALUES ('883DFF47F69A11E89BB8448A5B968AB0', '阿凡达', '士大夫', '撒地方', '0', '2018-12-03 09:27:00');
INSERT INTO `sys_role` VALUES ('9BE05459F69911E89BB8448A5B968AB0', '热热热', '人人', '都', '0', '2018-12-03 09:20:24');
INSERT INTO `sys_role` VALUES ('DB8BD05EE97011E89BB8448A5B968AB0', 'guest', '访客', null, '0', '2018-11-16 15:25:56');
INSERT INTO `sys_role` VALUES ('E076C55EEBCE11E89BB8448A5B968AB0', 'business', '商户', null, '0', '2018-11-16 15:25:56');
INSERT INTO `sys_role` VALUES ('E085EEC6EBCE11E89BB8448A5B968AB0', 'operate', '运营', null, '0', '2018-11-16 15:25:56');

-- ----------------------------
-- Table structure for sys_role_menu_rel
-- ----------------------------
DROP TABLE IF EXISTS `sys_role_menu_rel`;
CREATE TABLE `sys_role_menu_rel` (
  `id` char(32) NOT NULL COMMENT 'ID',
  `menu_id` char(32) NOT NULL COMMENT '菜单ID',
  `role_id` char(32) NOT NULL COMMENT '角色ID',
  `create_time` timestamp NOT NULL DEFAULT CURRENT_TIMESTAMP COMMENT '创建时间',
  PRIMARY KEY (`id`)
) ENGINE=InnoDB DEFAULT CHARSET=utf8 COMMENT='角色菜单对应关系';

-- ----------------------------
-- Records of sys_role_menu_rel
-- ----------------------------

-- ----------------------------
-- Table structure for sys_user
-- ----------------------------
DROP TABLE IF EXISTS `sys_user`;
CREATE TABLE `sys_user` (
  `user_id` char(32) NOT NULL COMMENT '用户ID',
  `user_name` varchar(64) DEFAULT NULL COMMENT '用户名',
  `password` char(32) DEFAULT NULL COMMENT '密码',
  `salt` char(8) DEFAULT NULL COMMENT '盐',
  `email` varchar(64) DEFAULT NULL COMMENT '邮箱',
  `mobile` varchar(20) DEFAULT NULL COMMENT '手机',
  `status` char(1) DEFAULT '0' COMMENT '状态【user_status(0：正常 1：禁用)】',
  `dept_id` char(32) DEFAULT NULL COMMENT '部门ID',
  `token` varchar(256) DEFAULT NULL COMMENT 'token鉴权',
  `create_time` timestamp NOT NULL DEFAULT CURRENT_TIMESTAMP COMMENT '创建时间',
  `update_user_id` char(32) DEFAULT NULL COMMENT '操作人ID',
  `update_user_name` varchar(64) DEFAULT NULL COMMENT '操作人',
  `update_time` timestamp NOT NULL DEFAULT CURRENT_TIMESTAMP COMMENT '操作时间',
  PRIMARY KEY (`user_id`),
  UNIQUE KEY `IDX_SYS_USER_NAME` (`user_name`) USING HASH
) ENGINE=InnoDB DEFAULT CHARSET=utf8 COMMENT='系统用户';

-- ----------------------------
-- Records of sys_user
-- ----------------------------
INSERT INTO `sys_user` VALUES ('0B41D2D9FA9011E89BB8448A5B968AB0', '幅度达到', '3E8F2A543633F327E78FB5EF576C2A07', 'l14GQyKI', '777@99.com', '13845678914', '0', '', '', '2018-12-08 10:22:00', '', '', '2018-12-08 10:22:00');
INSERT INTO `sys_user` VALUES ('2343F365F9EB11E89BB8448A5B968AB0', '测试6666666', 'gy123456', '', '66666@77.org', '76666666667', '0', 'tttttttttttt', '', '2018-12-07 14:41:33', '', '', '2018-12-07 14:41:33');
INSERT INTO `sys_user` VALUES ('2E57B367FA9311E89BB8448A5B968AB0', '她她她', '2a835677df5f7c964cbadaea66d6f1d0', 'sezAKdTr', '6@ee.com', '18748957485', '0', '', '', '2018-12-08 10:44:27', '', '', '2018-12-08 10:44:27');
INSERT INTO `sys_user` VALUES ('6C8C6355FC6211E89BB8448A5B968AB0', '哈哈哈', '4821c20e3416979ad1a8483b9654b04c', '94t6VzpY', 'fff@fff.um', '13144455566', '1', '', '', '2018-12-10 18:00:29', '', '', '2018-12-10 18:00:29');
INSERT INTO `sys_user` VALUES ('79B9068D94B611E880505CB9018F93E4', 'admin', 'afedfc6a3ed9b9271efd5f3359cbd576', 'jFFTie8d', 'admin@sina.cn', '18617069178', '0', null, 'eyJ0eXAiOiJKV1QiLCJhbGciOiJIUzI1NiJ9.eyJ0eXBlIjoiQWRtaW4iLCJleHAiOjE1NDA5NzM3OTEsInVzZXJuYW1lIjoiYWRtaW4ifQ.Fp8zpUrOi45pYbvwEa_UcsXYJLFZkXUzWJD2FPb1gpQ', '2018-07-31 19:40:08', null, null, '2018-07-31 19:40:08');

-- ----------------------------
-- Table structure for sys_user_role_rel
-- ----------------------------
DROP TABLE IF EXISTS `sys_user_role_rel`;
CREATE TABLE `sys_user_role_rel` (
  `id` char(32) NOT NULL COMMENT 'ID',
  `user_id` char(32) NOT NULL COMMENT '用户ID',
  `role_id` char(32) NOT NULL COMMENT '角色ID',
  `create_time` timestamp NOT NULL DEFAULT CURRENT_TIMESTAMP COMMENT '创建时间',
  PRIMARY KEY (`id`),
  UNIQUE KEY `IDX_USER_ROLE_ID` (`user_id`,`role_id`)
) ENGINE=InnoDB DEFAULT CHARSET=utf8 COMMENT='用户与角色对应关系';

-- ----------------------------
-- Records of sys_user_role_rel
-- ----------------------------

-- ----------------------------
-- Table structure for sys_white_url
-- ----------------------------
DROP TABLE IF EXISTS `sys_white_url`;
CREATE TABLE `sys_white_url` (
  `id` char(32) NOT NULL COMMENT 'id',
  `resources_url` varchar(256) DEFAULT NULL COMMENT '资源地址',
  `visit_name` varchar(32) DEFAULT NULL COMMENT '资源状态',
  `create_time` timestamp NOT NULL DEFAULT CURRENT_TIMESTAMP COMMENT '创建时间',
  PRIMARY KEY (`id`)
) ENGINE=InnoDB DEFAULT CHARSET=utf8 COMMENT='系统路径白名单';

-- ----------------------------
-- Records of sys_white_url
-- ----------------------------
INSERT INTO `sys_white_url` VALUES ('04560852D83011E88617000C291707F4', '/app/goods/searchConditions', 'anon', '2018-10-25 16:28:57');
INSERT INTO `sys_white_url` VALUES ('04560852D93011E88617000C291707F4', '/vod/callback', 'anon', '2018-10-30 14:14:32');
INSERT INTO `sys_white_url` VALUES ('0A89FE80D83111E88617000C291707F4', '/app/create/mainUserInfo', 'visit', '2018-10-29 15:06:54');
INSERT INTO `sys_white_url` VALUES ('12D2AD1ED83111E88617000C291707F4', '/app/create/mainCreateList', 'anon', '2018-10-25 16:36:31');
INSERT INTO `sys_white_url` VALUES ('18E89B4CD83111E88617000C291707F4', '/app/ugc/userCommentList', 'anon', '2018-10-25 16:36:41');
INSERT INTO `sys_white_url` VALUES ('1D47F144D83111E88617000C291707F4', '/app/pgc/userPgcDetail', 'anon', '2018-10-25 16:36:49');
INSERT INTO `sys_white_url` VALUES ('37C97DEFD83111E88617000C291707F4', '/app/ugc/userUgcDetail', 'visit', '2018-10-25 18:40:44');
INSERT INTO `sys_white_url` VALUES ('476C0C11D83011E88617000C291707F4', '/app/pgc/userPgcList', 'anon', '2018-10-25 16:30:50');
INSERT INTO `sys_white_url` VALUES ('503B22E9D83011E88617000C291707F4', '/app/ugc/userUgcList', 'visit', '2018-10-25 18:40:51');
INSERT INTO `sys_white_url` VALUES ('5CADB691DC2011E88617000C291707F4', '/app/biz/getUserEnquiryList', 'visit', '2018-10-30 16:47:24');
INSERT INTO `sys_white_url` VALUES ('7740EFAFD82E11E88617000C291707F4', '/app/goods', 'anon', '2018-10-25 16:17:51');
INSERT INTO `sys_white_url` VALUES ('B731076CD83111E88617000C291707F4', '/app/GoodsSource/getOpenGoodsSourceInfo', 'anon', '2018-10-25 16:41:07');
INSERT INTO `sys_white_url` VALUES ('D1D5974AD82F11E88617000C291707F4', '/app/sku/skuDetail', 'visit', '2018-10-25 18:41:17');
INSERT INTO `sys_white_url` VALUES ('EDE4F65FD82611E88617000C291707F4', '/app/biz/login', 'anon', '2018-10-25 15:23:54');
INSERT INTO `sys_white_url` VALUES ('EDE77BE0D82611E88617000C291707F4', '/app/userLogin', 'anon', '2018-10-25 15:23:54');
INSERT INTO `sys_white_url` VALUES ('EDEAB48CD82611E88617000C291707F4', '/app/imgRecognition', 'anon', '2018-10-25 15:23:54');
INSERT INTO `sys_white_url` VALUES ('EDED824FD82611E88617000C291707F4', '/app/user/getSign', 'anon', '2018-10-25 15:23:54');
INSERT INTO `sys_white_url` VALUES ('EDF0CEC1D82611E88617000C291707F4', '/app/sendSms', 'anon', '2018-10-25 15:23:54');
INSERT INTO `sys_white_url` VALUES ('EDF43C7ED82611E88617000C291707F4', '/app/bizSendSms', 'anon', '2018-10-25 15:23:54');
INSERT INTO `sys_white_url` VALUES ('EDF76761D82611E88617000C291707F4', '/app/userLoginOut', 'anon', '2018-10-25 15:23:54');
INSERT INTO `sys_white_url` VALUES ('EDFA9EFDD82611E88617000C291707F4', '/app/getSysParam', 'anon', '2018-10-25 15:23:54');
INSERT INTO `sys_white_url` VALUES ('FA471504D82C11E88617000C291707F4', '/app/create/coverCreateList', 'anon', '2018-10-25 16:07:12');

-- ----------------------------
-- Function structure for SEQ
-- ----------------------------
DROP FUNCTION IF EXISTS `SEQ`;
DELIMITER ;;
CREATE DEFINER=`admin`@`%` FUNCTION `SEQ`() RETURNS char(32) CHARSET utf8mb4
    SQL SECURITY INVOKER
BEGIN
	RETURN UPPER(REPLACE(UUID(),'-',''));
END
;;
DELIMITER ;
